02/Mar/23 19:59:01,16
02/Mar/23 20:00:01,17
02/Mar/23 20:01:01,16
02/Mar/23 20:02:01,22
02/Mar/23 20:03:01,17
02/Mar/23 20:04:01,17
02/Mar/23 20:05:01,18
02/Mar/23 20:06:01,22
02/Mar/23 20:07:01,21
02/Mar/23 20:08:01,16
02/Mar/23 20:09:01,16
02/Mar/23 20:10:01,27
02/Mar/23 20:11:01,22
02/Mar/23 20:12:01,26
02/Mar/23 20:13:01,24
02/Mar/23 20:14:01,27
02/Mar/23 20:15:01,17
02/Mar/23 20:16:01,22
02/Mar/23 20:17:01,24
02/Mar/23 20:18:01,19
02/Mar/23 20:19:01,18
02/Mar/23 20:20:01,24
02/Mar/23 20:21:01,27
02/Mar/23 20:22:01,21
02/Mar/23 20:23:01,17
02/Mar/23 20:24:01,22
02/Mar/23 20:25:01,23
02/Mar/23 20:26:01,15
02/Mar/23 20:27:01,21
02/Mar/23 20:28:01,26
02/Mar/23 20:29:01,17
02/Mar/23 20:30:01,21
02/Mar/23 20:31:01,14
02/Mar/23 20:32:01,18
02/Mar/23 20:33:01,22
02/Mar/23 20:34:01,21
02/Mar/23 20:35:01,16
02/Mar/23 20:36:01,14
02/Mar/23 20:37:01,16
02/Mar/23 20:38:01,15
02/Mar/23 20:39:01,28
02/Mar/23 20:40:01,26
02/Mar/23 20:41:01,21
02/Mar/23 20:42:01,19
02/Mar/23 20:43:01,22
02/Mar/23 20:44:01,25
02/Mar/23 20:45:01,25
02/Mar/23 20:46:01,23
02/Mar/23 20:47:01,24
02/Mar/23 20:48:01,26
02/Mar/23 20:49:01,25
02/Mar/23 20:50:01,24
02/Mar/23 20:51:01,21
02/Mar/23 20:52:01,23
02/Mar/23 20:53:01,22
02/Mar/23 20:54:01,18
02/Mar/23 20:55:01,17
02/Mar/23 20:56:01,21
02/Mar/23 20:57:01,24
02/Mar/23 20:58:55,22
02/Mar/23 20:59:55,22
02/Mar/23 21:00:55,26
02/Mar/23 21:01:55,15
02/Mar/23 21:02:55,17
02/Mar/23 21:03:55,18
