Date/Time,Counts
02/Jun/23 20:08:58,21
02/Jun/23 20:09:58,19
02/Jun/23 20:10:58,18
02/Jun/23 20:11:58,15
02/Jun/23 20:12:58,18
02/Jun/23 20:13:58,18
02/Jun/23 20:14:58,21
02/Jun/23 20:15:58,23
02/Jun/23 20:16:58,25
02/Jun/23 20:17:58,24
02/Jun/23 20:18:58,24
02/Jun/23 20:19:58,11
02/Jun/23 20:20:58,12
02/Jun/23 20:21:58,20
02/Jun/23 20:22:58,16
02/Jun/23 20:23:58,10
02/Jun/23 20:24:58,23
02/Jun/23 20:25:58,26
02/Jun/23 20:26:58,15
02/Jun/23 20:27:58,18
02/Jun/23 20:28:58,20
02/Jun/23 20:29:58,17
02/Jun/23 20:30:58,24
02/Jun/23 20:31:58,22
02/Jun/23 20:32:58,30
02/Jun/23 20:33:58,15
02/Jun/23 20:34:58,17
02/Jun/23 20:35:58,20
02/Jun/23 20:36:58,16
02/Jun/23 20:37:58,21
02/Jun/23 20:38:58,11
02/Jun/23 20:39:58,31
02/Jun/23 20:40:58,26
02/Jun/23 20:41:58,16
02/Jun/23 20:42:58,9
02/Jun/23 20:43:58,19
02/Jun/23 20:44:58,22
02/Jun/23 20:45:58,24
02/Jun/23 20:46:58,13
02/Jun/23 20:47:58,15
02/Jun/23 20:48:58,14
02/Jun/23 20:49:58,17
02/Jun/23 20:50:58,28
02/Jun/23 20:51:58,17
02/Jun/23 20:52:58,16
02/Jun/23 20:53:58,15
02/Jun/23 20:54:58,22
02/Jun/23 20:55:58,20
02/Jun/23 20:56:58,15
02/Jun/23 20:57:58,19
02/Jun/23 20:58:58,23
02/Jun/23 20:59:58,25
02/Jun/23 21:00:58,24
02/Jun/23 21:01:58,25
02/Jun/23 21:02:58,28
02/Jun/23 21:03:58,23
02/Jun/23 21:04:58,19
02/Jun/23 21:05:58,20
02/Jun/23 21:08:00,17
02/Jun/23 21:09:00,21
02/Jun/23 21:10:00,19
02/Jun/23 21:11:00,20
02/Jun/23 21:12:00,17
02/Jun/23 21:13:00,18
02/Jun/23 21:14:00,22
02/Jun/23 21:15:00,19
02/Jun/23 21:16:00,14
02/Jun/23 21:17:00,18
02/Jun/23 21:18:00,21
02/Jun/23 21:19:00,18
02/Jun/23 21:20:00,30
02/Jun/23 21:21:00,19
02/Jun/23 21:22:00,33
02/Jun/23 21:23:00,18
02/Jun/23 21:24:00,20
02/Jun/23 21:25:00,18
02/Jun/23 21:26:00,21
02/Jun/23 21:27:00,27
02/Jun/23 21:28:00,32
02/Jun/23 21:29:00,25
02/Jun/23 21:30:00,22
02/Jun/23 21:31:00,17
02/Jun/23 21:32:00,21
02/Jun/23 21:33:00,15
02/Jun/23 21:34:00,16
02/Jun/23 21:35:00,25
02/Jun/23 21:36:00,27
02/Jun/23 21:37:00,21
02/Jun/23 21:38:00,19
02/Jun/23 21:39:00,16
02/Jun/23 21:40:00,22
02/Jun/23 21:41:00,11
02/Jun/23 21:42:00,24
02/Jun/23 21:43:00,19
02/Jun/23 21:44:00,26
02/Jun/23 21:45:00,26
02/Jun/23 21:46:00,18
02/Jun/23 21:47:00,19
02/Jun/23 21:48:00,23
02/Jun/23 21:49:00,21
02/Jun/23 21:50:00,25
02/Jun/23 21:51:00,27
02/Jun/23 21:52:00,13
02/Jun/23 21:53:00,13
02/Jun/23 21:54:00,18
02/Jun/23 21:55:00,21
02/Jun/23 21:56:00,13
02/Jun/23 21:57:00,24
02/Jun/23 21:58:00,21
02/Jun/23 21:59:00,17
02/Jun/23 22:00:00,16
02/Jun/23 22:01:00,18
02/Jun/23 22:02:00,23
02/Jun/23 22:03:00,20
02/Jun/23 22:04:00,17
02/Jun/23 22:05:00,16
02/Jun/23 22:06:00,20
02/Jun/23 22:08:09,25
02/Jun/23 22:09:09,24
02/Jun/23 22:10:09,15
02/Jun/23 22:11:09,21
02/Jun/23 22:12:09,17
02/Jun/23 22:13:09,18
02/Jun/23 22:14:09,14
02/Jun/23 22:15:09,25
02/Jun/23 22:16:09,16
02/Jun/23 22:17:09,20
02/Jun/23 22:18:09,22
02/Jun/23 22:19:09,23
02/Jun/23 22:20:09,18
02/Jun/23 22:21:09,18
02/Jun/23 22:22:09,26
02/Jun/23 22:23:09,22
02/Jun/23 22:24:09,15
02/Jun/23 22:25:09,17
02/Jun/23 22:26:09,22
02/Jun/23 22:27:09,28
02/Jun/23 22:28:09,28
02/Jun/23 22:29:09,16
02/Jun/23 22:30:09,29
02/Jun/23 22:31:09,28
02/Jun/23 22:32:09,19
02/Jun/23 22:33:09,30
02/Jun/23 22:34:09,23
02/Jun/23 22:35:09,29
02/Jun/23 22:36:09,22
02/Jun/23 22:37:09,18
02/Jun/23 22:38:09,21
02/Jun/23 22:39:09,23
02/Jun/23 22:40:09,18
02/Jun/23 22:41:09,11
02/Jun/23 22:42:09,16
02/Jun/23 22:43:09,20
02/Jun/23 22:44:09,16
02/Jun/23 22:45:09,16
02/Jun/23 22:46:09,20
02/Jun/23 22:47:09,19
02/Jun/23 22:48:09,24
02/Jun/23 22:49:09,18
02/Jun/23 22:50:09,20
02/Jun/23 22:51:09,19
02/Jun/23 22:52:09,18
02/Jun/23 22:53:09,16
02/Jun/23 22:54:09,15
02/Jun/23 22:55:09,21
02/Jun/23 22:56:09,15
02/Jun/23 22:57:09,25
02/Jun/23 22:58:09,17
02/Jun/23 22:59:09,20
02/Jun/23 23:00:09,25
02/Jun/23 23:01:09,24
02/Jun/23 23:02:09,22
02/Jun/23 23:03:09,19
02/Jun/23 23:04:09,20
02/Jun/23 23:05:09,11
02/Jun/23 23:06:09,19
02/Jun/23 23:08:16,24
02/Jun/23 23:09:16,13
02/Jun/23 23:10:16,17
02/Jun/23 23:11:16,25
02/Jun/23 23:12:16,16
02/Jun/23 23:13:16,22
02/Jun/23 23:14:16,16
02/Jun/23 23:15:16,27
02/Jun/23 23:16:16,24
02/Jun/23 23:17:16,23
02/Jun/23 23:18:16,20
02/Jun/23 23:19:16,26
02/Jun/23 23:20:16,16
02/Jun/23 23:21:16,19
02/Jun/23 23:22:16,16
02/Jun/23 23:23:16,16
02/Jun/23 23:24:16,24
02/Jun/23 23:25:16,19
02/Jun/23 23:26:16,20
02/Jun/23 23:27:16,15
02/Jun/23 23:28:16,15
02/Jun/23 23:29:16,25
02/Jun/23 23:30:16,17
02/Jun/23 23:31:16,17
02/Jun/23 23:32:16,25
02/Jun/23 23:33:16,25
02/Jun/23 23:34:16,21
02/Jun/23 23:35:16,24
02/Jun/23 23:36:16,22
02/Jun/23 23:37:16,23
02/Jun/23 23:38:16,21
02/Jun/23 23:39:16,16
02/Jun/23 23:40:16,16
02/Jun/23 23:41:16,21
02/Jun/23 23:42:16,15
02/Jun/23 23:43:16,27
02/Jun/23 23:44:16,26
02/Jun/23 23:45:16,25
02/Jun/23 23:46:16,13
02/Jun/23 23:47:16,21
02/Jun/23 23:48:16,17
02/Jun/23 23:49:16,18
02/Jun/23 23:50:16,21
02/Jun/23 23:51:16,33
02/Jun/23 23:52:16,18
02/Jun/23 23:53:16,14
02/Jun/23 23:54:16,17
02/Jun/23 23:55:16,21
02/Jun/23 23:56:16,22
02/Jun/23 23:57:16,19
02/Jun/23 23:58:16,23
02/Jun/23 23:59:16,22
02/Jun/23 24:00:16,20
02/Jun/23 24:01:16,21
02/Jun/23 24:02:16,23
02/Jun/23 24:03:16,24
02/Jun/23 24:04:16,23
02/Jun/23 24:05:16,25
02/Jun/23 24:06:16,15
03/Jun/23 00:08:23,16
03/Jun/23 00:09:23,19
03/Jun/23 00:10:23,19
03/Jun/23 00:11:23,26
03/Jun/23 00:12:23,26
03/Jun/23 00:13:23,14
03/Jun/23 00:14:23,18
03/Jun/23 00:15:23,21
03/Jun/23 00:16:23,18
03/Jun/23 00:17:23,19
03/Jun/23 00:18:23,26
03/Jun/23 00:19:23,15
03/Jun/23 00:20:23,21
03/Jun/23 00:21:23,17
03/Jun/23 00:22:23,19
03/Jun/23 00:23:23,12
03/Jun/23 00:24:23,20
03/Jun/23 00:25:23,15
03/Jun/23 00:26:23,18
03/Jun/23 00:27:23,14
03/Jun/23 00:28:23,23
03/Jun/23 00:29:23,21
03/Jun/23 00:30:23,23
03/Jun/23 00:31:23,23
03/Jun/23 00:32:23,15
03/Jun/23 00:33:23,21
03/Jun/23 00:34:23,18
03/Jun/23 00:35:23,20
03/Jun/23 00:36:23,14
03/Jun/23 00:37:23,20
03/Jun/23 00:38:23,24
03/Jun/23 00:39:23,17
03/Jun/23 00:40:23,18
03/Jun/23 00:41:23,15
03/Jun/23 00:42:23,14
03/Jun/23 00:43:23,24
03/Jun/23 00:44:23,24
03/Jun/23 00:45:23,18
03/Jun/23 00:46:23,29
03/Jun/23 00:47:23,18
03/Jun/23 00:48:23,23
03/Jun/23 00:49:23,19
03/Jun/23 00:50:23,19
03/Jun/23 00:51:23,13
03/Jun/23 00:52:23,15
03/Jun/23 00:53:23,12
03/Jun/23 00:54:23,21
03/Jun/23 00:55:23,11
03/Jun/23 00:56:23,20
03/Jun/23 00:57:23,20
03/Jun/23 00:58:23,17
03/Jun/23 00:59:23,23
03/Jun/23 01:00:23,22
03/Jun/23 01:01:23,15
03/Jun/23 01:02:23,21
03/Jun/23 01:03:23,21
03/Jun/23 01:04:23,23
03/Jun/23 01:05:23,20
03/Jun/23 01:06:23,15
03/Jun/23 01:08:29,13
03/Jun/23 01:09:29,17
03/Jun/23 01:10:29,20
03/Jun/23 01:11:29,20
03/Jun/23 01:12:29,18
03/Jun/23 01:13:29,14
03/Jun/23 01:14:29,32
03/Jun/23 01:15:29,18
03/Jun/23 01:16:29,23
03/Jun/23 01:17:29,17
03/Jun/23 01:18:29,19
03/Jun/23 01:19:29,24
03/Jun/23 01:20:29,21
03/Jun/23 01:21:29,11
03/Jun/23 01:22:29,22
03/Jun/23 01:23:29,21
03/Jun/23 01:24:29,23
03/Jun/23 01:25:29,24
03/Jun/23 01:26:29,20
03/Jun/23 01:27:29,17
03/Jun/23 01:28:29,23
03/Jun/23 01:29:29,21
03/Jun/23 01:30:29,17
03/Jun/23 01:31:29,20
03/Jun/23 01:32:29,21
03/Jun/23 01:33:29,21
03/Jun/23 01:34:29,16
03/Jun/23 01:35:29,23
03/Jun/23 01:36:29,22
03/Jun/23 01:37:29,19
03/Jun/23 01:38:29,29
03/Jun/23 01:39:29,23
03/Jun/23 01:40:29,17
03/Jun/23 01:41:29,29
03/Jun/23 01:42:29,21
03/Jun/23 01:43:29,19
03/Jun/23 01:44:29,18
03/Jun/23 01:45:29,15
03/Jun/23 01:46:29,21
03/Jun/23 01:47:29,20
03/Jun/23 01:48:29,9
03/Jun/23 01:49:29,25
03/Jun/23 01:50:29,19
03/Jun/23 01:51:29,26
03/Jun/23 01:52:29,23
03/Jun/23 01:53:29,17
03/Jun/23 01:54:29,13
03/Jun/23 01:55:29,30
03/Jun/23 01:56:29,23
03/Jun/23 01:57:29,19
03/Jun/23 01:58:29,19
03/Jun/23 01:59:29,20
03/Jun/23 02:00:29,15
03/Jun/23 02:01:29,26
03/Jun/23 02:02:29,17
03/Jun/23 02:03:29,15
03/Jun/23 02:04:29,17
03/Jun/23 02:05:29,17
03/Jun/23 02:06:29,15
03/Jun/23 02:08:35,17
03/Jun/23 02:09:35,12
03/Jun/23 02:10:35,14
03/Jun/23 02:11:35,15
03/Jun/23 02:12:35,22
03/Jun/23 02:13:35,12
03/Jun/23 02:14:35,20
03/Jun/23 02:15:35,22
03/Jun/23 02:16:35,17
03/Jun/23 02:17:35,17
03/Jun/23 02:18:35,27
03/Jun/23 02:19:35,29
03/Jun/23 02:20:35,16
03/Jun/23 02:21:35,21
03/Jun/23 02:22:35,24
03/Jun/23 02:23:35,17
03/Jun/23 02:24:35,18
03/Jun/23 02:25:35,14
03/Jun/23 02:26:35,27
03/Jun/23 02:27:35,26
03/Jun/23 02:28:35,10
03/Jun/23 02:29:35,15
03/Jun/23 02:30:35,14
03/Jun/23 02:31:35,18
03/Jun/23 02:32:35,25
03/Jun/23 02:33:35,18
03/Jun/23 02:34:35,21
03/Jun/23 02:35:35,23
03/Jun/23 02:36:35,22
03/Jun/23 02:37:35,22
03/Jun/23 02:38:35,23
03/Jun/23 02:39:35,17
03/Jun/23 02:40:35,20
03/Jun/23 02:41:35,25
03/Jun/23 02:42:35,15
03/Jun/23 02:43:35,17
03/Jun/23 02:44:35,16
03/Jun/23 02:45:35,23
03/Jun/23 02:46:35,25
03/Jun/23 02:47:35,29
03/Jun/23 02:48:35,26
03/Jun/23 02:49:35,32
03/Jun/23 02:50:35,36
03/Jun/23 02:51:35,18
03/Jun/23 02:52:35,22
03/Jun/23 02:53:35,22
03/Jun/23 02:54:35,16
03/Jun/23 02:55:35,18
03/Jun/23 02:56:35,21
03/Jun/23 02:57:35,22
03/Jun/23 02:58:35,19
03/Jun/23 02:59:35,19
03/Jun/23 03:00:35,17
03/Jun/23 03:01:35,12
03/Jun/23 03:02:35,22
03/Jun/23 03:03:35,17
03/Jun/23 03:04:35,18
03/Jun/23 03:05:35,20
03/Jun/23 03:06:35,23
03/Jun/23 03:08:42,10
03/Jun/23 03:09:42,24
03/Jun/23 03:10:42,24
03/Jun/23 03:11:42,20
03/Jun/23 03:12:42,18
03/Jun/23 03:13:42,26
03/Jun/23 03:14:42,24
03/Jun/23 03:15:42,22
03/Jun/23 03:16:42,29
03/Jun/23 03:17:42,17
03/Jun/23 03:18:42,16
03/Jun/23 03:19:42,18
03/Jun/23 03:20:42,24
03/Jun/23 03:21:42,28
03/Jun/23 03:22:42,18
03/Jun/23 03:23:42,15
03/Jun/23 03:24:42,17
03/Jun/23 03:25:42,24
03/Jun/23 03:26:42,19
03/Jun/23 03:27:42,22
03/Jun/23 03:28:42,22
03/Jun/23 03:29:42,15
03/Jun/23 03:30:42,15
03/Jun/23 03:31:42,17
03/Jun/23 03:32:42,28
03/Jun/23 03:33:42,15
03/Jun/23 03:34:42,23
03/Jun/23 03:35:42,24
03/Jun/23 03:36:42,20
03/Jun/23 03:37:42,21
03/Jun/23 03:38:42,20
03/Jun/23 03:39:42,20
03/Jun/23 03:40:42,15
03/Jun/23 03:41:42,20
03/Jun/23 03:42:42,26
03/Jun/23 03:43:42,20
03/Jun/23 03:44:42,18
03/Jun/23 03:45:42,13
03/Jun/23 03:46:42,16
03/Jun/23 03:47:42,21
03/Jun/23 03:48:42,23
03/Jun/23 03:49:42,19
03/Jun/23 03:50:42,21
03/Jun/23 03:51:42,15
03/Jun/23 03:52:42,24
03/Jun/23 03:53:42,18
03/Jun/23 03:54:42,19
03/Jun/23 03:55:42,21
03/Jun/23 03:56:42,13
03/Jun/23 03:57:42,23
03/Jun/23 03:58:42,21
03/Jun/23 03:59:42,29
03/Jun/23 04:00:42,16
03/Jun/23 04:01:42,14
03/Jun/23 04:02:42,23
03/Jun/23 04:03:42,19
03/Jun/23 04:04:42,19
03/Jun/23 04:05:42,16
03/Jun/23 04:06:42,21
03/Jun/23 04:08:48,25
03/Jun/23 04:09:48,26
03/Jun/23 04:10:48,18
03/Jun/23 04:11:48,31
03/Jun/23 04:12:48,22
03/Jun/23 04:13:48,20
03/Jun/23 04:14:48,21
03/Jun/23 04:15:48,15
03/Jun/23 04:16:48,27
03/Jun/23 04:17:48,18
03/Jun/23 04:18:48,26
03/Jun/23 04:19:48,15
03/Jun/23 04:20:48,22
03/Jun/23 04:21:48,16
03/Jun/23 04:22:48,20
03/Jun/23 04:23:48,23
03/Jun/23 04:24:48,17
03/Jun/23 04:25:48,17
03/Jun/23 04:26:48,23
03/Jun/23 04:27:48,18
03/Jun/23 04:28:48,13
03/Jun/23 04:29:48,16
03/Jun/23 04:30:48,22
03/Jun/23 04:31:48,16
03/Jun/23 04:32:48,26
03/Jun/23 04:33:48,13
03/Jun/23 04:34:48,30
03/Jun/23 04:35:48,18
03/Jun/23 04:36:48,21
03/Jun/23 04:37:48,19
03/Jun/23 04:38:48,22
03/Jun/23 04:39:48,26
03/Jun/23 04:40:48,18
03/Jun/23 04:41:48,23
03/Jun/23 04:42:48,27
03/Jun/23 04:43:48,22
03/Jun/23 04:44:48,16
03/Jun/23 04:45:48,29
03/Jun/23 04:46:48,18
03/Jun/23 04:47:48,21
03/Jun/23 04:48:48,12
03/Jun/23 04:49:48,25
03/Jun/23 04:50:48,20
03/Jun/23 04:51:48,18
03/Jun/23 04:52:48,26
03/Jun/23 04:53:48,13
03/Jun/23 04:54:48,26
03/Jun/23 04:55:48,23
03/Jun/23 04:56:48,20
03/Jun/23 04:57:48,24
03/Jun/23 04:58:48,17
03/Jun/23 04:59:48,24
03/Jun/23 05:00:48,18
03/Jun/23 05:01:48,17
03/Jun/23 05:02:48,24
03/Jun/23 05:03:48,17
03/Jun/23 05:04:48,21
03/Jun/23 05:05:48,22
03/Jun/23 05:06:48,22
03/Jun/23 05:08:55,19
03/Jun/23 05:09:55,13
03/Jun/23 05:10:55,14
03/Jun/23 05:11:55,29
03/Jun/23 05:12:55,24
03/Jun/23 05:13:55,27
03/Jun/23 05:14:55,22
03/Jun/23 05:15:55,21
03/Jun/23 05:16:55,26
03/Jun/23 05:17:55,20
03/Jun/23 05:18:55,31
03/Jun/23 05:19:55,28
03/Jun/23 05:20:55,27
03/Jun/23 05:21:55,23
03/Jun/23 05:22:55,24
03/Jun/23 05:23:55,18
03/Jun/23 05:24:55,17
03/Jun/23 05:25:55,20
03/Jun/23 05:26:55,31
03/Jun/23 05:27:55,23
03/Jun/23 05:28:55,19
03/Jun/23 05:29:55,19
03/Jun/23 05:30:55,17
03/Jun/23 05:31:55,12
03/Jun/23 05:32:55,18
03/Jun/23 05:33:55,16
03/Jun/23 05:34:55,12
03/Jun/23 05:35:55,16
03/Jun/23 05:36:55,20
03/Jun/23 05:37:55,17
03/Jun/23 05:38:55,19
03/Jun/23 05:39:55,21
03/Jun/23 05:40:55,19
03/Jun/23 05:41:55,17
03/Jun/23 05:42:55,25
03/Jun/23 05:43:55,18
03/Jun/23 05:44:55,19
03/Jun/23 05:45:55,18
03/Jun/23 05:46:55,19
03/Jun/23 05:47:55,15
03/Jun/23 05:48:55,18
03/Jun/23 05:49:55,22
03/Jun/23 05:50:55,17
03/Jun/23 05:51:55,18
03/Jun/23 05:52:55,17
03/Jun/23 05:53:55,19
03/Jun/23 05:54:55,22
03/Jun/23 05:55:55,22
03/Jun/23 05:56:55,19
03/Jun/23 05:57:55,17
03/Jun/23 05:58:55,24
03/Jun/23 05:59:55,17
03/Jun/23 06:00:55,12
03/Jun/23 06:01:55,14
03/Jun/23 06:02:55,21
03/Jun/23 06:03:55,13
03/Jun/23 06:04:55,20
03/Jun/23 06:05:55,9
03/Jun/23 06:06:55,17
03/Jun/23 06:09:01,18
03/Jun/23 06:10:01,18
03/Jun/23 06:11:01,19
03/Jun/23 06:12:01,19
03/Jun/23 06:13:01,16
03/Jun/23 06:14:01,25
03/Jun/23 06:15:01,22
03/Jun/23 06:16:01,25
03/Jun/23 06:17:01,26
03/Jun/23 06:18:01,26
03/Jun/23 06:19:01,14
03/Jun/23 06:20:01,21
03/Jun/23 06:21:01,16
03/Jun/23 06:22:01,19
03/Jun/23 06:23:01,13
03/Jun/23 06:24:01,18
03/Jun/23 06:25:01,24
03/Jun/23 06:26:01,17
03/Jun/23 06:27:01,16
03/Jun/23 06:28:01,18
03/Jun/23 06:29:01,12
03/Jun/23 06:30:01,19
03/Jun/23 06:31:01,22
03/Jun/23 06:32:01,20
03/Jun/23 06:33:01,28
03/Jun/23 06:34:01,18
03/Jun/23 06:35:01,19
03/Jun/23 06:36:01,14
03/Jun/23 06:37:01,19
03/Jun/23 06:38:01,22
03/Jun/23 06:39:01,18
03/Jun/23 06:40:01,28
03/Jun/23 06:41:01,16
03/Jun/23 06:42:01,25
03/Jun/23 06:43:01,21
03/Jun/23 06:44:01,20
03/Jun/23 06:45:01,22
03/Jun/23 06:46:01,22
03/Jun/23 06:47:01,18
03/Jun/23 06:48:01,23
03/Jun/23 06:49:01,15
03/Jun/23 06:50:01,16
03/Jun/23 06:51:01,22
03/Jun/23 06:52:01,20
03/Jun/23 06:53:01,16
03/Jun/23 06:54:01,22
03/Jun/23 06:55:01,17
03/Jun/23 06:56:01,20
03/Jun/23 06:57:01,15
03/Jun/23 06:58:01,19
03/Jun/23 06:59:01,17
03/Jun/23 07:00:01,14
03/Jun/23 07:01:01,16
03/Jun/23 07:02:01,30
03/Jun/23 07:03:01,13
03/Jun/23 07:04:01,18
03/Jun/23 07:05:01,21
03/Jun/23 07:06:01,21
03/Jun/23 07:07:01,23
03/Jun/23 07:09:08,29
03/Jun/23 07:10:08,18
03/Jun/23 07:11:08,17
03/Jun/23 07:12:08,22
03/Jun/23 07:13:08,23
03/Jun/23 07:14:08,18
03/Jun/23 07:15:08,21
03/Jun/23 07:16:08,27
03/Jun/23 07:17:08,24
03/Jun/23 07:18:08,21
03/Jun/23 07:19:08,23
03/Jun/23 07:20:08,17
03/Jun/23 07:21:08,11
03/Jun/23 07:22:08,27
03/Jun/23 07:23:08,11
03/Jun/23 07:24:08,15
03/Jun/23 07:25:08,13
03/Jun/23 07:26:08,14
03/Jun/23 07:27:08,22
03/Jun/23 07:28:08,31
03/Jun/23 07:29:08,23
03/Jun/23 07:30:08,27
03/Jun/23 07:31:08,27
03/Jun/23 07:32:08,16
03/Jun/23 07:33:08,18
03/Jun/23 07:34:08,20
03/Jun/23 07:35:08,18
03/Jun/23 07:36:08,14
03/Jun/23 07:37:08,22
03/Jun/23 07:38:08,21
03/Jun/23 07:39:08,20
03/Jun/23 07:40:08,22
03/Jun/23 07:41:08,20
03/Jun/23 07:42:08,22
03/Jun/23 07:43:08,25
03/Jun/23 07:44:08,21
03/Jun/23 07:45:08,14
03/Jun/23 07:46:08,23
03/Jun/23 07:47:08,25
03/Jun/23 07:48:08,13
03/Jun/23 07:49:08,21
03/Jun/23 07:50:08,20
03/Jun/23 07:51:08,14
03/Jun/23 07:52:08,21
03/Jun/23 07:53:08,18
03/Jun/23 07:54:08,21
03/Jun/23 07:55:08,23
03/Jun/23 07:56:08,23
03/Jun/23 07:57:08,19
03/Jun/23 07:58:08,14
03/Jun/23 07:59:08,28
03/Jun/23 08:00:08,17
03/Jun/23 08:01:08,22
03/Jun/23 08:02:08,20
03/Jun/23 08:03:08,29
03/Jun/23 08:04:08,17
03/Jun/23 08:05:08,27
03/Jun/23 08:06:08,22
03/Jun/23 08:07:08,16
03/Jun/23 08:09:14,19
03/Jun/23 08:10:14,18
03/Jun/23 08:11:14,20
03/Jun/23 08:12:14,18
03/Jun/23 08:13:14,18
03/Jun/23 08:14:14,17
03/Jun/23 08:15:14,20
03/Jun/23 08:16:14,20
03/Jun/23 08:17:14,18
03/Jun/23 08:18:14,14
03/Jun/23 08:19:14,21
03/Jun/23 08:20:14,25
03/Jun/23 08:21:14,29
03/Jun/23 08:22:14,20
03/Jun/23 08:23:14,24
03/Jun/23 08:24:14,15
03/Jun/23 08:25:14,28
03/Jun/23 08:26:14,26
03/Jun/23 08:27:14,19
03/Jun/23 08:28:14,15
03/Jun/23 08:29:14,21
03/Jun/23 08:30:14,21
03/Jun/23 08:31:14,19
03/Jun/23 08:32:14,18
03/Jun/23 08:33:14,12
03/Jun/23 08:34:14,18
03/Jun/23 08:35:14,15
03/Jun/23 08:36:14,10
03/Jun/23 08:37:14,20
03/Jun/23 08:38:14,24
03/Jun/23 08:39:14,20
03/Jun/23 08:40:14,16
03/Jun/23 08:41:14,20
03/Jun/23 08:42:14,22
03/Jun/23 08:43:14,29
03/Jun/23 08:44:14,19
03/Jun/23 08:45:14,24
03/Jun/23 08:46:14,19
03/Jun/23 08:47:14,15
03/Jun/23 08:48:14,16
03/Jun/23 08:49:14,22
03/Jun/23 08:50:14,32
03/Jun/23 08:51:14,24
03/Jun/23 08:52:14,18
03/Jun/23 08:53:14,17
03/Jun/23 08:54:14,22
03/Jun/23 08:55:14,23
03/Jun/23 08:56:14,33
03/Jun/23 08:57:14,19
03/Jun/23 08:58:14,20
03/Jun/23 08:59:14,19
03/Jun/23 09:00:14,15
03/Jun/23 09:01:14,20
03/Jun/23 09:02:14,24
03/Jun/23 09:03:14,24
03/Jun/23 09:04:14,22
03/Jun/23 09:05:14,19
03/Jun/23 09:06:14,23
03/Jun/23 09:07:14,23
03/Jun/23 09:09:21,21
03/Jun/23 09:10:21,16
03/Jun/23 09:11:21,20
03/Jun/23 09:12:21,24
03/Jun/23 09:13:21,18
03/Jun/23 09:14:21,24
03/Jun/23 09:15:21,19
03/Jun/23 09:16:21,23
03/Jun/23 09:17:21,24
03/Jun/23 09:18:21,26
03/Jun/23 09:19:21,16
03/Jun/23 09:20:21,20
03/Jun/23 09:21:21,23
03/Jun/23 09:22:21,25
03/Jun/23 09:23:21,14
03/Jun/23 09:24:21,25
03/Jun/23 09:25:21,18
03/Jun/23 09:26:21,26
03/Jun/23 09:27:21,14
03/Jun/23 09:28:21,26
03/Jun/23 09:29:21,11
03/Jun/23 09:30:21,13
03/Jun/23 09:31:21,20
03/Jun/23 09:32:21,16
03/Jun/23 09:33:21,27
03/Jun/23 09:34:21,17
03/Jun/23 09:35:21,28
03/Jun/23 09:36:21,15
03/Jun/23 09:37:21,23
03/Jun/23 09:38:21,16
03/Jun/23 09:39:21,26
03/Jun/23 09:40:21,17
03/Jun/23 09:41:21,18
03/Jun/23 09:42:21,26
03/Jun/23 09:43:21,20
03/Jun/23 09:44:21,14
03/Jun/23 09:45:21,22
03/Jun/23 09:46:21,20
03/Jun/23 09:47:21,17
03/Jun/23 09:48:21,22
03/Jun/23 09:49:21,19
03/Jun/23 09:50:21,19
03/Jun/23 09:51:21,25
03/Jun/23 09:52:21,19
03/Jun/23 09:53:21,20
03/Jun/23 09:54:21,17
03/Jun/23 09:55:21,18
03/Jun/23 09:56:21,24
03/Jun/23 09:57:21,17
03/Jun/23 09:58:21,8
03/Jun/23 09:59:21,23
03/Jun/23 10:00:21,24
03/Jun/23 10:01:21,24
03/Jun/23 10:02:21,28
03/Jun/23 10:03:21,22
03/Jun/23 10:04:21,20
03/Jun/23 10:05:21,20
03/Jun/23 10:06:21,18
03/Jun/23 10:07:21,26
03/Jun/23 10:09:28,15
03/Jun/23 10:10:28,13
03/Jun/23 10:11:28,30
03/Jun/23 10:12:28,27
03/Jun/23 10:13:28,24
03/Jun/23 10:14:28,23
03/Jun/23 10:15:28,16
03/Jun/23 10:16:28,15
03/Jun/23 10:17:28,22
03/Jun/23 10:18:28,11
03/Jun/23 10:19:28,29
03/Jun/23 10:20:28,22
03/Jun/23 10:21:28,10
03/Jun/23 10:22:28,17
03/Jun/23 10:23:28,19
03/Jun/23 10:24:28,21
03/Jun/23 10:25:28,24
03/Jun/23 10:26:28,26
03/Jun/23 10:27:28,14
03/Jun/23 10:28:28,26
03/Jun/23 10:29:28,20
03/Jun/23 10:30:28,17
03/Jun/23 10:31:28,24
03/Jun/23 10:32:28,22
03/Jun/23 10:33:28,19
03/Jun/23 10:34:28,21
03/Jun/23 10:35:28,18
03/Jun/23 10:36:28,20
03/Jun/23 10:37:28,20
03/Jun/23 10:38:28,13
03/Jun/23 10:39:28,25
03/Jun/23 10:40:28,29
03/Jun/23 10:41:28,14
03/Jun/23 10:42:28,22
03/Jun/23 10:43:28,15
03/Jun/23 10:44:28,17
03/Jun/23 10:45:28,23
03/Jun/23 10:46:28,19
03/Jun/23 10:47:28,21
03/Jun/23 10:48:28,17
03/Jun/23 10:49:28,25
03/Jun/23 10:50:28,20
03/Jun/23 10:51:28,18
03/Jun/23 10:52:28,24
03/Jun/23 10:53:28,27
03/Jun/23 10:54:28,16
03/Jun/23 10:55:28,16
03/Jun/23 10:56:28,27
03/Jun/23 10:57:28,21
03/Jun/23 10:58:28,21
03/Jun/23 10:59:28,24
03/Jun/23 11:00:28,23
03/Jun/23 11:01:28,15
03/Jun/23 11:02:28,21
03/Jun/23 11:03:28,20
03/Jun/23 11:04:28,28
03/Jun/23 11:05:28,24
03/Jun/23 11:06:28,14
03/Jun/23 11:07:28,29
03/Jun/23 11:09:36,19
03/Jun/23 11:10:36,22
03/Jun/23 11:11:36,20
03/Jun/23 11:12:36,22
03/Jun/23 11:13:36,19
03/Jun/23 11:14:36,22
03/Jun/23 11:15:36,21
03/Jun/23 11:16:36,24
03/Jun/23 11:17:36,16
03/Jun/23 11:18:36,18
03/Jun/23 11:19:36,19
03/Jun/23 11:20:36,26
03/Jun/23 11:21:36,18
03/Jun/23 11:22:36,31
03/Jun/23 11:23:36,20
03/Jun/23 11:24:36,22
03/Jun/23 11:25:36,17
03/Jun/23 11:26:36,26
03/Jun/23 11:27:36,19
03/Jun/23 11:28:36,15
03/Jun/23 11:29:36,17
03/Jun/23 11:30:36,18
03/Jun/23 11:31:36,21
03/Jun/23 11:32:36,19
03/Jun/23 11:33:36,18
03/Jun/23 11:34:36,18
03/Jun/23 11:35:36,23
03/Jun/23 11:36:36,22
03/Jun/23 11:37:36,15
03/Jun/23 11:38:36,13
03/Jun/23 11:39:36,17
03/Jun/23 11:40:36,23
03/Jun/23 11:41:36,21
03/Jun/23 11:42:36,17
03/Jun/23 11:43:36,28
03/Jun/23 11:44:36,21
03/Jun/23 11:45:36,28
03/Jun/23 11:46:36,23
03/Jun/23 11:47:36,26
03/Jun/23 11:48:36,18
03/Jun/23 11:49:36,21
03/Jun/23 11:50:36,25
03/Jun/23 11:51:36,12
03/Jun/23 11:52:36,16
03/Jun/23 11:53:36,18
03/Jun/23 11:54:36,15
03/Jun/23 11:55:36,24
03/Jun/23 11:56:36,26
03/Jun/23 11:57:36,15
03/Jun/23 11:58:36,17
03/Jun/23 11:59:36,14
03/Jun/23 12:00:36,17
03/Jun/23 12:01:36,17
03/Jun/23 12:02:36,27
03/Jun/23 12:03:36,24
03/Jun/23 12:04:36,20
03/Jun/23 12:05:36,22
03/Jun/23 12:06:36,19
03/Jun/23 12:07:36,7
03/Jun/23 12:09:43,11
03/Jun/23 12:10:43,26
03/Jun/23 12:11:43,12
03/Jun/23 12:12:43,21
03/Jun/23 12:13:43,13
03/Jun/23 12:14:43,21
03/Jun/23 12:15:43,11
03/Jun/23 12:16:43,19
03/Jun/23 12:17:43,24
03/Jun/23 12:18:43,22
03/Jun/23 12:19:43,24
03/Jun/23 12:20:43,15
03/Jun/23 12:21:43,13
03/Jun/23 12:22:43,12
03/Jun/23 12:23:43,25
03/Jun/23 12:24:43,22
03/Jun/23 12:25:43,18
03/Jun/23 12:26:43,18
03/Jun/23 12:27:43,19
03/Jun/23 12:28:43,20
03/Jun/23 12:29:43,20
03/Jun/23 12:30:43,27
03/Jun/23 12:31:43,23
03/Jun/23 12:32:43,19
03/Jun/23 12:33:43,26
03/Jun/23 12:34:43,27
03/Jun/23 12:35:43,28
03/Jun/23 12:36:43,13
03/Jun/23 12:37:43,15
03/Jun/23 12:38:43,27
03/Jun/23 12:39:43,23
03/Jun/23 12:40:43,15
03/Jun/23 12:41:43,22
03/Jun/23 12:42:43,28
03/Jun/23 12:43:43,22
03/Jun/23 12:44:43,19
03/Jun/23 12:45:43,18
03/Jun/23 12:46:43,21
03/Jun/23 12:47:43,22
03/Jun/23 12:48:43,24
03/Jun/23 12:49:43,21
03/Jun/23 12:50:43,21
03/Jun/23 12:51:43,25
03/Jun/23 12:52:43,20
03/Jun/23 12:53:43,25
03/Jun/23 12:54:43,17
03/Jun/23 12:55:43,26
03/Jun/23 12:56:43,25
03/Jun/23 12:57:43,23
03/Jun/23 12:58:43,20
03/Jun/23 12:59:43,22
03/Jun/23 13:00:43,22
03/Jun/23 13:01:43,24
03/Jun/23 13:02:43,20
03/Jun/23 13:03:43,18
03/Jun/23 13:04:43,23
03/Jun/23 13:05:43,25
03/Jun/23 13:06:43,14
03/Jun/23 13:07:43,20
03/Jun/23 13:09:51,17
03/Jun/23 13:10:51,22
03/Jun/23 13:11:51,17
03/Jun/23 13:12:51,17
03/Jun/23 13:13:51,31
03/Jun/23 13:14:51,27
03/Jun/23 13:15:51,22
03/Jun/23 13:16:51,20
03/Jun/23 13:17:51,26
03/Jun/23 13:18:51,19
03/Jun/23 13:19:51,12
03/Jun/23 13:20:51,22
03/Jun/23 13:21:51,18
03/Jun/23 13:22:51,30
03/Jun/23 13:23:51,23
03/Jun/23 13:24:51,25
03/Jun/23 13:25:51,17
03/Jun/23 13:26:51,27
03/Jun/23 13:27:51,16
03/Jun/23 13:28:51,19
03/Jun/23 13:29:51,18
03/Jun/23 13:30:51,25
03/Jun/23 13:31:51,20
03/Jun/23 13:32:51,19
03/Jun/23 13:33:51,25
03/Jun/23 13:34:51,18
03/Jun/23 13:35:51,23
03/Jun/23 13:36:51,17
03/Jun/23 13:37:51,18
03/Jun/23 13:38:51,22
03/Jun/23 13:39:51,16
03/Jun/23 13:40:51,17
03/Jun/23 13:41:51,22
03/Jun/23 13:42:51,27
03/Jun/23 13:43:51,17
03/Jun/23 13:44:51,11
03/Jun/23 13:45:51,31
03/Jun/23 13:46:51,15
03/Jun/23 13:47:51,17
03/Jun/23 13:48:51,19
03/Jun/23 13:49:51,23
03/Jun/23 13:50:51,19
03/Jun/23 13:51:51,14
03/Jun/23 13:52:51,17
03/Jun/23 13:53:51,17
03/Jun/23 13:54:51,18
03/Jun/23 13:55:51,16
03/Jun/23 13:56:51,23
03/Jun/23 13:57:51,17
03/Jun/23 13:58:51,22
03/Jun/23 13:59:51,15
03/Jun/23 14:00:51,14
03/Jun/23 14:01:51,31
03/Jun/23 14:02:51,21
03/Jun/23 14:03:51,15
03/Jun/23 14:04:51,21
03/Jun/23 14:05:51,19
03/Jun/23 14:06:51,24
03/Jun/23 14:07:51,16
03/Jun/23 14:09:57,18
03/Jun/23 14:10:57,27
03/Jun/23 14:11:57,21
03/Jun/23 14:12:57,20
03/Jun/23 14:13:57,16
03/Jun/23 14:14:57,20
03/Jun/23 14:15:57,24
03/Jun/23 14:16:57,24
03/Jun/23 14:17:57,21
03/Jun/23 14:18:57,22
03/Jun/23 14:19:57,20
03/Jun/23 14:20:57,31
03/Jun/23 14:21:57,16
03/Jun/23 14:22:57,14
03/Jun/23 14:23:57,23
03/Jun/23 14:24:57,15
03/Jun/23 14:25:57,27
03/Jun/23 14:26:57,16
03/Jun/23 14:27:57,19
03/Jun/23 14:28:57,24
03/Jun/23 14:29:57,20
03/Jun/23 14:30:57,19
03/Jun/23 14:31:57,24
03/Jun/23 14:32:57,19
03/Jun/23 14:33:57,25
03/Jun/23 14:34:57,15
03/Jun/23 14:35:57,17
03/Jun/23 14:36:57,19
03/Jun/23 14:37:57,34
03/Jun/23 14:38:57,17
03/Jun/23 14:39:57,16
03/Jun/23 14:40:57,15
03/Jun/23 14:41:57,13
03/Jun/23 14:42:57,29
03/Jun/23 14:43:57,21
03/Jun/23 14:44:57,22
03/Jun/23 14:45:57,15
03/Jun/23 14:46:57,23
03/Jun/23 14:47:57,21
03/Jun/23 14:48:57,23
03/Jun/23 14:49:57,22
03/Jun/23 14:50:57,14
03/Jun/23 14:51:57,16
03/Jun/23 14:52:57,16
03/Jun/23 14:53:57,12
03/Jun/23 14:54:57,27
03/Jun/23 14:55:57,14
03/Jun/23 14:56:57,26
03/Jun/23 14:57:57,21
03/Jun/23 14:58:57,27
03/Jun/23 14:59:57,26
03/Jun/23 15:00:57,19
03/Jun/23 15:01:57,27
03/Jun/23 15:02:57,18
03/Jun/23 15:03:57,15
03/Jun/23 15:04:57,20
03/Jun/23 15:05:57,19
03/Jun/23 15:06:57,20
03/Jun/23 15:07:57,26
03/Jun/23 15:10:05,22
03/Jun/23 15:11:05,20
03/Jun/23 15:12:05,19
03/Jun/23 15:13:05,25
03/Jun/23 15:14:05,18
03/Jun/23 15:15:05,24
03/Jun/23 15:16:05,16
03/Jun/23 15:17:05,25
03/Jun/23 15:18:05,24
03/Jun/23 15:19:05,25
03/Jun/23 15:20:05,17
03/Jun/23 15:21:05,21
03/Jun/23 15:22:05,24
03/Jun/23 15:23:05,20
03/Jun/23 15:24:05,22
03/Jun/23 15:25:05,19
03/Jun/23 15:26:05,19
03/Jun/23 15:27:05,27
03/Jun/23 15:28:05,23
03/Jun/23 15:29:05,22
03/Jun/23 15:30:05,23
03/Jun/23 15:31:05,21
03/Jun/23 15:32:05,23
03/Jun/23 15:33:05,23
03/Jun/23 15:34:05,27
03/Jun/23 15:35:05,20
03/Jun/23 15:36:05,17
03/Jun/23 15:37:05,20
03/Jun/23 15:38:05,16
03/Jun/23 15:39:05,21
03/Jun/23 15:40:05,16
03/Jun/23 15:41:05,19
03/Jun/23 15:42:05,16
03/Jun/23 15:43:05,14
03/Jun/23 15:44:05,24
03/Jun/23 15:45:05,23
03/Jun/23 15:46:05,19
03/Jun/23 15:47:05,20
03/Jun/23 15:48:05,15
03/Jun/23 15:49:05,22
03/Jun/23 15:50:05,18
03/Jun/23 15:51:05,28
03/Jun/23 15:52:05,13
03/Jun/23 15:53:05,20
03/Jun/23 15:54:05,19
03/Jun/23 15:55:05,17
03/Jun/23 15:56:05,16
03/Jun/23 15:57:05,20
03/Jun/23 15:58:05,26
03/Jun/23 15:59:05,12
03/Jun/23 16:00:05,30
03/Jun/23 16:01:05,20
03/Jun/23 16:02:05,20
03/Jun/23 16:03:05,23
03/Jun/23 16:04:05,26
03/Jun/23 16:05:05,22
03/Jun/23 16:06:05,19
03/Jun/23 16:07:05,23
03/Jun/23 16:08:05,13
03/Jun/23 16:10:12,20
03/Jun/23 16:11:12,30
03/Jun/23 16:12:12,14
03/Jun/23 16:13:12,18
03/Jun/23 16:14:12,20
03/Jun/23 16:15:12,12
03/Jun/23 16:16:12,16
03/Jun/23 16:17:12,13
03/Jun/23 16:18:12,25
03/Jun/23 16:19:12,15
03/Jun/23 16:20:12,14
03/Jun/23 16:21:12,15
03/Jun/23 16:22:12,27
03/Jun/23 16:23:12,23
03/Jun/23 16:24:12,30
03/Jun/23 16:25:12,12
03/Jun/23 16:26:12,16
03/Jun/23 16:27:12,20
03/Jun/23 16:28:12,17
03/Jun/23 16:29:12,15
03/Jun/23 16:30:12,30
03/Jun/23 16:31:12,16
03/Jun/23 16:32:12,17
03/Jun/23 16:33:12,16
03/Jun/23 16:34:12,22
03/Jun/23 16:35:12,21
03/Jun/23 16:36:12,15
03/Jun/23 16:37:12,18
03/Jun/23 16:38:12,22
03/Jun/23 16:39:12,21
03/Jun/23 16:40:12,29
03/Jun/23 16:41:12,31
03/Jun/23 16:42:12,17
03/Jun/23 16:43:12,19
03/Jun/23 16:44:12,24
03/Jun/23 16:45:12,15
03/Jun/23 16:46:12,9
03/Jun/23 16:47:12,15
03/Jun/23 16:48:12,17
03/Jun/23 16:49:12,13
03/Jun/23 16:50:12,20
03/Jun/23 16:51:12,20
03/Jun/23 16:52:12,19
03/Jun/23 16:53:12,17
03/Jun/23 16:54:12,16
03/Jun/23 16:55:12,20
03/Jun/23 16:56:12,15
03/Jun/23 16:57:12,19
03/Jun/23 16:58:12,23
03/Jun/23 16:59:12,19
03/Jun/23 17:00:12,30
03/Jun/23 17:01:12,22
03/Jun/23 17:02:12,22
03/Jun/23 17:03:12,18
03/Jun/23 17:04:12,21
03/Jun/23 17:05:12,16
03/Jun/23 17:06:12,19
03/Jun/23 17:07:12,21
03/Jun/23 17:08:12,14
03/Jun/23 17:10:19,17
03/Jun/23 17:11:19,16
03/Jun/23 17:12:19,19
03/Jun/23 17:13:19,24
03/Jun/23 17:14:19,18
03/Jun/23 17:15:19,19
03/Jun/23 17:16:19,23
03/Jun/23 17:17:19,19
03/Jun/23 17:18:19,16
03/Jun/23 17:19:19,27
03/Jun/23 17:20:19,22
03/Jun/23 17:21:19,18
03/Jun/23 17:22:19,18
03/Jun/23 17:23:19,11
03/Jun/23 17:24:19,19
03/Jun/23 17:25:19,22
03/Jun/23 17:26:19,16
03/Jun/23 17:27:19,26
03/Jun/23 17:28:19,20
03/Jun/23 17:29:19,16
03/Jun/23 17:30:19,19
03/Jun/23 17:31:19,21
03/Jun/23 17:32:19,18
03/Jun/23 17:33:19,19
03/Jun/23 17:34:19,13
03/Jun/23 17:35:19,19
03/Jun/23 17:36:19,17
03/Jun/23 17:37:19,21
03/Jun/23 17:38:19,14
03/Jun/23 17:39:19,24
03/Jun/23 17:40:19,21
03/Jun/23 17:41:19,18
03/Jun/23 17:42:19,17
03/Jun/23 17:43:19,18
03/Jun/23 17:44:19,18
03/Jun/23 17:45:19,25
03/Jun/23 17:46:19,25
03/Jun/23 17:47:19,12
03/Jun/23 17:48:19,18
03/Jun/23 17:49:19,25
03/Jun/23 17:50:19,22
03/Jun/23 17:51:19,24
03/Jun/23 17:52:19,21
03/Jun/23 17:53:19,24
03/Jun/23 17:54:19,18
03/Jun/23 17:55:19,19
03/Jun/23 17:56:19,19
03/Jun/23 17:57:19,22
03/Jun/23 17:58:19,22
03/Jun/23 17:59:19,19
03/Jun/23 18:00:19,23
03/Jun/23 18:01:19,17
03/Jun/23 18:02:19,21
03/Jun/23 18:03:19,24
03/Jun/23 18:04:19,16
03/Jun/23 18:05:19,23
03/Jun/23 18:06:19,20
03/Jun/23 18:07:19,17
03/Jun/23 18:08:19,29
03/Jun/23 18:10:26,21
03/Jun/23 18:11:26,21
03/Jun/23 18:12:26,18
03/Jun/23 18:13:26,19
03/Jun/23 18:14:26,18
03/Jun/23 18:15:26,26
03/Jun/23 18:16:26,22
03/Jun/23 18:17:26,14
03/Jun/23 18:18:26,28
03/Jun/23 18:19:26,11
03/Jun/23 18:20:26,24
03/Jun/23 18:21:26,21
03/Jun/23 18:22:26,16
03/Jun/23 18:23:26,19
03/Jun/23 18:24:26,21
03/Jun/23 18:25:26,27
03/Jun/23 18:26:26,18
03/Jun/23 18:27:26,16
03/Jun/23 18:28:26,24
03/Jun/23 18:29:26,17
03/Jun/23 18:30:26,18
03/Jun/23 18:31:26,20
03/Jun/23 18:32:26,24
03/Jun/23 18:33:26,20
03/Jun/23 18:34:26,18
03/Jun/23 18:35:26,16
03/Jun/23 18:36:26,26
03/Jun/23 18:37:26,19
03/Jun/23 18:38:26,19
03/Jun/23 18:39:26,19
03/Jun/23 18:40:26,22
03/Jun/23 18:41:26,23
03/Jun/23 18:42:26,21
03/Jun/23 18:43:26,22
03/Jun/23 18:44:26,27
03/Jun/23 18:45:26,15
03/Jun/23 18:46:26,19
03/Jun/23 18:47:26,29
03/Jun/23 18:48:26,22
03/Jun/23 18:49:26,15
03/Jun/23 18:50:26,19
03/Jun/23 18:51:26,22
03/Jun/23 18:52:26,19
03/Jun/23 18:53:26,16
03/Jun/23 18:54:26,20
03/Jun/23 18:55:26,20
03/Jun/23 18:56:26,16
03/Jun/23 18:57:26,20
03/Jun/23 18:58:26,24
03/Jun/23 18:59:26,18
03/Jun/23 19:00:26,20
03/Jun/23 19:01:26,22
03/Jun/23 19:02:26,22
03/Jun/23 19:03:26,20
03/Jun/23 19:04:26,23
03/Jun/23 19:05:26,18
03/Jun/23 19:06:26,16
03/Jun/23 19:07:26,21
03/Jun/23 19:08:26,19
03/Jun/23 19:10:33,23
03/Jun/23 19:11:33,26
03/Jun/23 19:12:33,17
03/Jun/23 19:13:33,23
03/Jun/23 19:14:33,14
03/Jun/23 19:15:33,10
03/Jun/23 19:16:33,22
03/Jun/23 19:17:33,27
03/Jun/23 19:18:33,22
03/Jun/23 19:19:33,21
03/Jun/23 19:20:33,18
03/Jun/23 19:21:33,20
03/Jun/23 19:22:33,20
03/Jun/23 19:23:33,22
03/Jun/23 19:24:33,13
03/Jun/23 19:25:33,22
03/Jun/23 19:26:33,15
03/Jun/23 19:27:33,27
03/Jun/23 19:28:33,18
03/Jun/23 19:29:33,21
03/Jun/23 19:30:33,16
03/Jun/23 19:31:33,21
03/Jun/23 19:32:33,21
03/Jun/23 19:33:33,23
03/Jun/23 19:34:33,18
03/Jun/23 19:35:33,15
03/Jun/23 19:36:33,18
03/Jun/23 19:37:33,28
03/Jun/23 19:38:33,30
03/Jun/23 19:39:33,19
03/Jun/23 19:40:33,26
03/Jun/23 19:41:33,31
03/Jun/23 19:42:33,27
03/Jun/23 19:43:33,27
03/Jun/23 19:44:33,12
03/Jun/23 19:45:33,18
03/Jun/23 19:46:33,19
03/Jun/23 19:47:33,22
03/Jun/23 19:48:33,18
03/Jun/23 19:49:33,23
03/Jun/23 19:50:33,26
03/Jun/23 19:51:33,32
03/Jun/23 19:52:33,22
03/Jun/23 19:53:33,22
03/Jun/23 19:54:33,10
03/Jun/23 19:55:33,14
03/Jun/23 19:56:33,10
03/Jun/23 19:57:33,13
03/Jun/23 19:58:33,24
03/Jun/23 19:59:33,21
03/Jun/23 20:00:33,29
03/Jun/23 20:01:33,16
03/Jun/23 20:02:33,19
03/Jun/23 20:03:33,19
03/Jun/23 20:04:33,20
03/Jun/23 20:05:33,22
03/Jun/23 20:06:33,15
03/Jun/23 20:07:33,27
03/Jun/23 20:08:33,23
03/Jun/23 20:10:40,15
03/Jun/23 20:11:40,25
03/Jun/23 20:12:40,19
03/Jun/23 20:13:40,14
03/Jun/23 20:14:40,22
03/Jun/23 20:15:40,21
03/Jun/23 20:16:40,17
03/Jun/23 20:17:40,15
03/Jun/23 20:18:40,20
03/Jun/23 20:19:40,25
03/Jun/23 20:20:40,25
03/Jun/23 20:21:40,15
03/Jun/23 20:22:40,16
03/Jun/23 20:23:40,20
03/Jun/23 20:24:40,27
03/Jun/23 20:25:40,22
03/Jun/23 20:26:40,17
03/Jun/23 20:27:40,13
03/Jun/23 20:28:40,20
03/Jun/23 20:29:40,22
03/Jun/23 20:30:40,22
03/Jun/23 20:31:40,15
03/Jun/23 20:32:40,23
03/Jun/23 20:33:40,20
03/Jun/23 20:34:40,32
03/Jun/23 20:35:40,18
03/Jun/23 20:36:40,21
03/Jun/23 20:37:40,24
03/Jun/23 20:38:40,27
03/Jun/23 20:39:40,26
03/Jun/23 20:40:40,26
03/Jun/23 20:41:40,20
03/Jun/23 20:42:40,19
03/Jun/23 20:43:40,25
03/Jun/23 20:44:40,16
03/Jun/23 20:45:40,20
03/Jun/23 20:46:40,21
03/Jun/23 20:47:40,19
03/Jun/23 20:48:40,22
03/Jun/23 20:49:40,12
03/Jun/23 20:50:40,22
03/Jun/23 20:51:40,27
03/Jun/23 20:52:40,15
03/Jun/23 20:53:40,22
03/Jun/23 20:54:40,20
03/Jun/23 20:55:40,24
03/Jun/23 20:56:40,20
03/Jun/23 20:57:40,17
03/Jun/23 20:58:40,24
03/Jun/23 20:59:40,24
03/Jun/23 21:00:40,23
03/Jun/23 21:01:40,25
03/Jun/23 21:02:40,19
03/Jun/23 21:03:40,18
03/Jun/23 21:04:40,28
03/Jun/23 21:05:40,22
03/Jun/23 21:06:40,18
03/Jun/23 21:07:40,25
03/Jun/23 21:08:40,17
03/Jun/23 21:10:47,26
03/Jun/23 21:11:47,15
03/Jun/23 21:12:47,16
03/Jun/23 21:13:47,25
03/Jun/23 21:14:47,18
03/Jun/23 21:15:47,10
03/Jun/23 21:16:47,19
03/Jun/23 21:17:47,21
03/Jun/23 21:18:47,22
03/Jun/23 21:19:47,16
03/Jun/23 21:20:47,18
03/Jun/23 21:21:47,15
03/Jun/23 21:22:47,23
03/Jun/23 21:23:47,26
03/Jun/23 21:24:47,17
03/Jun/23 21:25:47,8
03/Jun/23 21:26:47,18
03/Jun/23 21:27:47,16
03/Jun/23 21:28:47,15
03/Jun/23 21:29:47,24
03/Jun/23 21:30:47,17
03/Jun/23 21:31:47,19
03/Jun/23 21:32:47,24
03/Jun/23 21:33:47,23
03/Jun/23 21:34:47,16
03/Jun/23 21:35:47,26
03/Jun/23 21:36:47,24
03/Jun/23 21:37:47,20
03/Jun/23 21:38:47,20
03/Jun/23 21:39:47,17
03/Jun/23 21:40:47,25
03/Jun/23 21:41:47,18
03/Jun/23 21:42:47,19
03/Jun/23 21:43:47,20
03/Jun/23 21:44:47,26
03/Jun/23 21:45:47,16
03/Jun/23 21:46:47,34
03/Jun/23 21:47:47,24
03/Jun/23 21:48:47,23
03/Jun/23 21:49:47,22
03/Jun/23 21:50:47,22
03/Jun/23 21:51:47,21
03/Jun/23 21:52:47,16
03/Jun/23 21:53:47,17
03/Jun/23 21:54:47,18
03/Jun/23 21:55:47,23
03/Jun/23 21:56:47,13
03/Jun/23 21:57:47,24
03/Jun/23 21:58:47,21
03/Jun/23 21:59:47,23
03/Jun/23 22:00:47,21
03/Jun/23 22:01:47,25
03/Jun/23 22:02:47,21
03/Jun/23 22:03:47,22
03/Jun/23 22:04:47,20
03/Jun/23 22:05:47,19
03/Jun/23 22:06:47,13
03/Jun/23 22:07:47,24
03/Jun/23 22:08:47,16
03/Jun/23 22:10:54,23
03/Jun/23 22:11:54,23
03/Jun/23 22:12:54,29
03/Jun/23 22:13:54,15
03/Jun/23 22:14:54,20
03/Jun/23 22:15:54,23
03/Jun/23 22:16:54,24
03/Jun/23 22:17:54,10
03/Jun/23 22:18:54,18
03/Jun/23 22:19:54,21
03/Jun/23 22:20:54,12
03/Jun/23 22:21:54,24
03/Jun/23 22:22:54,30
03/Jun/23 22:23:54,26
03/Jun/23 22:24:54,18
03/Jun/23 22:25:54,17
03/Jun/23 22:26:54,16
03/Jun/23 22:27:54,19
03/Jun/23 22:28:54,15
03/Jun/23 22:29:54,16
03/Jun/23 22:30:54,20
03/Jun/23 22:31:54,26
03/Jun/23 22:32:54,20
03/Jun/23 22:33:54,10
03/Jun/23 22:34:54,15
03/Jun/23 22:35:54,20
03/Jun/23 22:36:54,22
03/Jun/23 22:37:54,17
03/Jun/23 22:38:54,21
03/Jun/23 22:39:54,16
03/Jun/23 22:40:54,14
03/Jun/23 22:41:54,25
03/Jun/23 22:42:54,20
03/Jun/23 22:43:54,17
03/Jun/23 22:44:54,23
03/Jun/23 22:45:54,25
03/Jun/23 22:46:54,16
03/Jun/23 22:47:54,24
03/Jun/23 22:48:54,18
03/Jun/23 22:49:54,30
03/Jun/23 22:50:54,23
03/Jun/23 22:51:54,20
03/Jun/23 22:52:54,23
03/Jun/23 22:53:54,13
03/Jun/23 22:54:54,15
03/Jun/23 22:55:54,19
03/Jun/23 22:56:54,19
03/Jun/23 22:57:54,24
03/Jun/23 22:58:54,27
03/Jun/23 22:59:54,33
03/Jun/23 23:00:54,20
03/Jun/23 23:01:54,23
03/Jun/23 23:02:54,18
03/Jun/23 23:03:54,19
03/Jun/23 23:04:54,22
03/Jun/23 23:05:54,27
03/Jun/23 23:06:54,19
03/Jun/23 23:07:54,15
03/Jun/23 23:08:54,16
03/Jun/23 23:11:00,14
03/Jun/23 23:12:00,21
03/Jun/23 23:13:00,17
03/Jun/23 23:14:00,21
03/Jun/23 23:15:00,17
03/Jun/23 23:16:00,18
03/Jun/23 23:17:00,13
03/Jun/23 23:18:00,14
03/Jun/23 23:19:00,22
03/Jun/23 23:20:00,16
03/Jun/23 23:21:00,19
03/Jun/23 23:22:00,26
03/Jun/23 23:23:00,23
03/Jun/23 23:24:00,30
03/Jun/23 23:25:00,14
03/Jun/23 23:26:00,21
03/Jun/23 23:27:00,15
03/Jun/23 23:28:00,15
03/Jun/23 23:29:00,25
03/Jun/23 23:30:00,18
03/Jun/23 23:31:00,28
03/Jun/23 23:32:00,22
03/Jun/23 23:33:00,22
03/Jun/23 23:34:00,21
03/Jun/23 23:35:00,16
03/Jun/23 23:36:00,13
03/Jun/23 23:37:00,21
03/Jun/23 23:38:00,18
03/Jun/23 23:39:00,17
03/Jun/23 23:40:00,11
03/Jun/23 23:41:00,23
03/Jun/23 23:42:00,20
03/Jun/23 23:43:00,13
03/Jun/23 23:44:00,11
03/Jun/23 23:45:00,35
03/Jun/23 23:46:00,20
03/Jun/23 23:47:00,18
03/Jun/23 23:48:00,25
03/Jun/23 23:49:00,20
03/Jun/23 23:50:00,18
03/Jun/23 23:51:00,25
03/Jun/23 23:52:00,18
03/Jun/23 23:53:00,16
03/Jun/23 23:54:00,23
03/Jun/23 23:55:00,20
03/Jun/23 23:56:00,19
03/Jun/23 23:57:00,29
03/Jun/23 23:58:00,17
03/Jun/23 23:59:00,23
03/Jun/23 24:00:00,18
03/Jun/23 24:01:00,16
03/Jun/23 24:02:00,16
03/Jun/23 24:03:00,19
03/Jun/23 24:04:00,21
03/Jun/23 24:05:00,19
03/Jun/23 24:06:00,22
03/Jun/23 24:07:00,18
03/Jun/23 24:08:00,22
03/Jun/23 24:09:00,18
04/Jun/23 00:11:06,19
04/Jun/23 00:12:06,21
04/Jun/23 00:13:06,25
04/Jun/23 00:14:06,20
04/Jun/23 00:15:06,21
04/Jun/23 00:16:06,18
04/Jun/23 00:17:06,18
04/Jun/23 00:18:06,9
04/Jun/23 00:19:06,21
04/Jun/23 00:20:06,15
04/Jun/23 00:21:06,14
04/Jun/23 00:22:06,23
04/Jun/23 00:23:06,19
04/Jun/23 00:24:06,22
04/Jun/23 00:25:06,17
04/Jun/23 00:26:06,21
04/Jun/23 00:27:06,25
04/Jun/23 00:28:06,16
04/Jun/23 00:29:06,16
04/Jun/23 00:30:06,15
04/Jun/23 00:31:06,12
04/Jun/23 00:32:06,21
04/Jun/23 00:33:06,18
04/Jun/23 00:34:06,24
04/Jun/23 00:35:06,23
04/Jun/23 00:36:06,16
04/Jun/23 00:37:06,15
04/Jun/23 00:38:06,12
04/Jun/23 00:39:06,25
04/Jun/23 00:40:06,21
04/Jun/23 00:41:06,21
04/Jun/23 00:42:06,18
04/Jun/23 00:43:06,16
04/Jun/23 00:44:06,19
04/Jun/23 00:45:06,22
04/Jun/23 00:46:06,18
04/Jun/23 00:47:06,22
04/Jun/23 00:48:06,24
04/Jun/23 00:49:06,20
04/Jun/23 00:50:06,12
04/Jun/23 00:51:06,23
04/Jun/23 00:52:06,20
04/Jun/23 00:53:06,21
04/Jun/23 00:54:06,13
04/Jun/23 00:55:06,20
04/Jun/23 00:56:06,18
04/Jun/23 00:57:06,24
04/Jun/23 00:58:06,28
04/Jun/23 00:59:06,15
04/Jun/23 01:00:06,24
04/Jun/23 01:01:06,23
04/Jun/23 01:02:06,17
04/Jun/23 01:03:06,25
04/Jun/23 01:04:06,23
04/Jun/23 01:05:06,14
04/Jun/23 01:06:06,23
04/Jun/23 01:07:06,18
04/Jun/23 01:08:06,18
04/Jun/23 01:09:06,18
04/Jun/23 01:11:12,13
04/Jun/23 01:12:12,17
04/Jun/23 01:13:12,24
04/Jun/23 01:14:12,22
04/Jun/23 01:15:12,20
04/Jun/23 01:16:12,18
04/Jun/23 01:17:12,22
04/Jun/23 01:18:12,20
04/Jun/23 01:19:12,21
04/Jun/23 01:20:12,16
04/Jun/23 01:21:12,27
04/Jun/23 01:22:12,27
04/Jun/23 01:23:12,22
04/Jun/23 01:24:12,22
04/Jun/23 01:25:12,22
04/Jun/23 01:26:12,18
04/Jun/23 01:27:12,19
04/Jun/23 01:28:12,28
04/Jun/23 01:29:12,30
04/Jun/23 01:30:12,18
04/Jun/23 01:31:12,17
04/Jun/23 01:32:12,15
04/Jun/23 01:33:12,23
04/Jun/23 01:34:12,24
04/Jun/23 01:35:12,22
04/Jun/23 01:36:12,23
04/Jun/23 01:37:12,21
04/Jun/23 01:38:12,17
04/Jun/23 01:39:12,27
04/Jun/23 01:40:12,16
04/Jun/23 01:41:12,13
04/Jun/23 01:42:12,14
04/Jun/23 01:43:12,21
04/Jun/23 01:44:12,18
04/Jun/23 01:45:12,26
04/Jun/23 01:46:12,23
04/Jun/23 01:47:12,22
04/Jun/23 01:48:12,28
04/Jun/23 01:49:12,21
04/Jun/23 01:50:12,23
04/Jun/23 01:51:12,17
04/Jun/23 01:52:12,20
04/Jun/23 01:53:12,21
04/Jun/23 01:54:12,22
04/Jun/23 01:55:12,24
04/Jun/23 01:56:12,17
04/Jun/23 01:57:12,27
04/Jun/23 01:58:12,22
04/Jun/23 01:59:12,14
04/Jun/23 02:00:12,13
04/Jun/23 02:01:12,11
04/Jun/23 02:02:12,17
04/Jun/23 02:03:12,15
04/Jun/23 02:04:12,23
04/Jun/23 02:05:12,22
04/Jun/23 02:06:12,13
04/Jun/23 02:07:12,19
04/Jun/23 02:08:12,14
04/Jun/23 02:09:12,20
04/Jun/23 02:11:19,24
04/Jun/23 02:12:19,17
04/Jun/23 02:13:19,18
04/Jun/23 02:14:19,21
04/Jun/23 02:15:19,15
04/Jun/23 02:16:19,15
04/Jun/23 02:17:19,20
04/Jun/23 02:18:19,18
04/Jun/23 02:19:19,27
04/Jun/23 02:20:19,19
04/Jun/23 02:21:19,13
04/Jun/23 02:22:19,25
04/Jun/23 02:23:19,14
04/Jun/23 02:24:19,16
04/Jun/23 02:25:19,19
04/Jun/23 02:26:19,24
04/Jun/23 02:27:19,20
04/Jun/23 02:28:19,17
04/Jun/23 02:29:19,19
04/Jun/23 02:30:19,21
04/Jun/23 02:31:19,12
04/Jun/23 02:32:19,12
04/Jun/23 02:33:19,13
04/Jun/23 02:34:19,19
04/Jun/23 02:35:19,17
04/Jun/23 02:36:19,27
04/Jun/23 02:37:19,19
04/Jun/23 02:38:19,19
04/Jun/23 02:39:19,18
04/Jun/23 02:40:19,17
04/Jun/23 02:41:19,15
04/Jun/23 02:42:19,22
04/Jun/23 02:43:19,23
04/Jun/23 02:44:19,23
04/Jun/23 02:45:19,20
04/Jun/23 02:46:19,20
04/Jun/23 02:47:19,26
04/Jun/23 02:48:19,18
04/Jun/23 02:49:19,20
04/Jun/23 02:50:19,16
04/Jun/23 02:51:19,14
04/Jun/23 02:52:19,13
04/Jun/23 02:53:19,22
04/Jun/23 02:54:19,21
04/Jun/23 02:55:19,27
04/Jun/23 02:56:19,16
04/Jun/23 02:57:19,22
04/Jun/23 02:58:19,22
04/Jun/23 02:59:19,19
04/Jun/23 03:00:19,18
04/Jun/23 03:01:19,15
04/Jun/23 03:02:19,22
04/Jun/23 03:03:19,12
04/Jun/23 03:04:19,13
04/Jun/23 03:05:19,15
04/Jun/23 03:06:19,22
04/Jun/23 03:07:19,16
04/Jun/23 03:08:19,27
04/Jun/23 03:09:19,14
04/Jun/23 03:11:25,17
04/Jun/23 03:12:25,23
04/Jun/23 03:13:25,12
04/Jun/23 03:14:25,18
04/Jun/23 03:15:25,30
04/Jun/23 03:16:25,26
04/Jun/23 03:17:25,22
04/Jun/23 03:18:25,24
04/Jun/23 03:19:25,15
04/Jun/23 03:20:25,13
04/Jun/23 03:21:25,15
04/Jun/23 03:22:25,28
04/Jun/23 03:23:25,16
04/Jun/23 03:24:25,23
04/Jun/23 03:25:25,27
04/Jun/23 03:26:25,23
04/Jun/23 03:27:25,18
04/Jun/23 03:28:25,19
04/Jun/23 03:29:25,12
04/Jun/23 03:30:25,13
04/Jun/23 03:31:25,16
04/Jun/23 03:32:25,19
04/Jun/23 03:33:25,21
04/Jun/23 03:34:25,23
04/Jun/23 03:35:25,20
04/Jun/23 03:36:25,22
04/Jun/23 03:37:25,23
04/Jun/23 03:38:25,19
04/Jun/23 03:39:25,20
04/Jun/23 03:40:25,22
04/Jun/23 03:41:25,12
04/Jun/23 03:42:25,20
04/Jun/23 03:43:25,7
04/Jun/23 03:44:25,24
04/Jun/23 03:45:25,22
04/Jun/23 03:46:25,24
04/Jun/23 03:47:25,14
04/Jun/23 03:48:25,22
04/Jun/23 03:49:25,17
04/Jun/23 03:50:25,19
04/Jun/23 03:51:25,16
04/Jun/23 03:52:25,23
04/Jun/23 03:53:25,25
04/Jun/23 03:54:25,20
04/Jun/23 03:55:25,17
04/Jun/23 03:56:25,18
04/Jun/23 03:57:25,22
04/Jun/23 03:58:25,23
04/Jun/23 03:59:25,19
04/Jun/23 04:00:25,16
04/Jun/23 04:01:25,13
04/Jun/23 04:02:25,13
04/Jun/23 04:03:25,22
04/Jun/23 04:04:25,15
04/Jun/23 04:05:25,12
04/Jun/23 04:06:25,19
04/Jun/23 04:07:25,18
04/Jun/23 04:08:25,15
04/Jun/23 04:09:25,15
04/Jun/23 04:11:31,16
04/Jun/23 04:12:31,20
04/Jun/23 04:13:31,18
04/Jun/23 04:14:31,17
04/Jun/23 04:15:31,17
04/Jun/23 04:16:31,17
04/Jun/23 04:17:31,30
04/Jun/23 04:18:31,17
04/Jun/23 04:19:31,12
04/Jun/23 04:20:31,16
04/Jun/23 04:21:31,22
04/Jun/23 04:22:31,23
04/Jun/23 04:23:31,20
04/Jun/23 04:24:31,9
04/Jun/23 04:25:31,19
04/Jun/23 04:26:31,21
04/Jun/23 04:27:31,21
04/Jun/23 04:28:31,21
04/Jun/23 04:29:31,21
04/Jun/23 04:30:31,19
04/Jun/23 04:31:31,26
04/Jun/23 04:32:31,15
04/Jun/23 04:33:31,14
04/Jun/23 04:34:31,22
04/Jun/23 04:35:31,21
04/Jun/23 04:36:31,16
04/Jun/23 04:37:31,27
04/Jun/23 04:38:31,13
04/Jun/23 04:39:31,13
04/Jun/23 04:40:31,24
04/Jun/23 04:41:31,21
04/Jun/23 04:42:31,16
04/Jun/23 04:43:31,13
04/Jun/23 04:44:31,17
04/Jun/23 04:45:31,18
04/Jun/23 04:46:31,13
04/Jun/23 04:47:31,21
04/Jun/23 04:48:31,15
04/Jun/23 04:49:31,19
04/Jun/23 04:50:31,24
04/Jun/23 04:51:31,22
04/Jun/23 04:52:31,15
04/Jun/23 04:53:31,21
04/Jun/23 04:54:31,24
04/Jun/23 04:55:31,24
04/Jun/23 04:56:31,14
04/Jun/23 04:57:31,21
04/Jun/23 04:58:31,14
04/Jun/23 04:59:31,25
04/Jun/23 05:00:31,24
04/Jun/23 05:01:31,13
04/Jun/23 05:02:31,25
04/Jun/23 05:03:31,19
04/Jun/23 05:04:31,20
04/Jun/23 05:05:31,19
04/Jun/23 05:06:31,24
04/Jun/23 05:07:31,22
04/Jun/23 05:08:31,14
04/Jun/23 05:09:31,25
04/Jun/23 05:11:37,13
04/Jun/23 05:12:37,18
04/Jun/23 05:13:37,24
04/Jun/23 05:14:37,12
04/Jun/23 05:15:37,18
04/Jun/23 05:16:37,18
04/Jun/23 05:17:37,20
04/Jun/23 05:18:37,19
04/Jun/23 05:19:37,21
04/Jun/23 05:20:37,15
04/Jun/23 05:21:37,19
04/Jun/23 05:22:37,15
04/Jun/23 05:23:37,17
04/Jun/23 05:24:37,23
04/Jun/23 05:25:37,23
04/Jun/23 05:26:37,19
04/Jun/23 05:27:37,23
04/Jun/23 05:28:37,18
04/Jun/23 05:29:37,18
04/Jun/23 05:30:37,20
04/Jun/23 05:31:37,20
04/Jun/23 05:32:37,19
04/Jun/23 05:33:37,10
04/Jun/23 05:34:37,21
04/Jun/23 05:35:37,21
04/Jun/23 05:36:37,14
04/Jun/23 05:37:37,25
04/Jun/23 05:38:37,22
04/Jun/23 05:39:37,22
04/Jun/23 05:40:37,23
04/Jun/23 05:41:37,24
04/Jun/23 05:42:37,17
04/Jun/23 05:43:37,16
04/Jun/23 05:44:37,22
04/Jun/23 05:45:37,19
04/Jun/23 05:46:37,9
04/Jun/23 05:47:37,13
04/Jun/23 05:48:37,22
04/Jun/23 05:49:37,23
04/Jun/23 05:50:37,32
04/Jun/23 05:51:37,18
04/Jun/23 05:52:37,16
04/Jun/23 05:53:37,22
04/Jun/23 05:54:37,13
04/Jun/23 05:55:37,19
04/Jun/23 05:56:37,17
04/Jun/23 05:57:37,21
04/Jun/23 05:58:37,24
04/Jun/23 05:59:37,16
04/Jun/23 06:00:37,11
04/Jun/23 06:01:37,23
04/Jun/23 06:02:37,18
04/Jun/23 06:03:37,10
04/Jun/23 06:04:37,18
04/Jun/23 06:05:37,16
04/Jun/23 06:06:37,12
04/Jun/23 06:07:37,12
04/Jun/23 06:08:37,24
04/Jun/23 06:09:37,17
04/Jun/23 06:11:44,14
04/Jun/23 06:12:44,21
04/Jun/23 06:13:44,19
04/Jun/23 06:14:44,22
04/Jun/23 06:15:44,22
04/Jun/23 06:16:44,16
04/Jun/23 06:17:44,17
04/Jun/23 06:18:44,16
04/Jun/23 06:19:44,16
04/Jun/23 06:20:44,19
04/Jun/23 06:21:44,22
04/Jun/23 06:22:44,24
04/Jun/23 06:23:44,14
04/Jun/23 06:24:44,18
04/Jun/23 06:25:44,10
04/Jun/23 06:26:44,23
04/Jun/23 06:27:44,14
04/Jun/23 06:28:44,19
04/Jun/23 06:29:44,14
04/Jun/23 06:30:44,21
04/Jun/23 06:31:44,21
04/Jun/23 06:32:44,24
04/Jun/23 06:33:44,14
04/Jun/23 06:34:44,18
04/Jun/23 06:35:44,18
04/Jun/23 06:36:44,25
04/Jun/23 06:37:44,17
04/Jun/23 06:38:44,20
04/Jun/23 06:39:44,21
04/Jun/23 06:40:44,19
04/Jun/23 06:41:44,23
04/Jun/23 06:42:44,21
04/Jun/23 06:43:44,16
04/Jun/23 06:44:44,15
04/Jun/23 06:45:44,19
04/Jun/23 06:46:44,32
04/Jun/23 06:47:44,20
04/Jun/23 06:48:44,21
04/Jun/23 06:49:44,25
04/Jun/23 06:50:44,16
04/Jun/23 06:51:44,23
04/Jun/23 06:52:44,21
04/Jun/23 06:53:44,18
04/Jun/23 06:54:44,12
04/Jun/23 06:55:44,14
04/Jun/23 06:56:44,21
04/Jun/23 06:57:44,26
04/Jun/23 06:58:44,19
04/Jun/23 06:59:44,20
04/Jun/23 07:00:44,12
04/Jun/23 07:01:44,12
04/Jun/23 07:02:44,15
04/Jun/23 07:03:44,15
04/Jun/23 07:04:44,17
04/Jun/23 07:05:44,10
04/Jun/23 07:06:44,18
04/Jun/23 07:07:44,22
04/Jun/23 07:08:44,17
04/Jun/23 07:09:44,13
04/Jun/23 07:11:50,22
04/Jun/23 07:12:50,19
04/Jun/23 07:13:50,34
04/Jun/23 07:14:50,21
04/Jun/23 07:15:50,8
04/Jun/23 07:16:50,22
04/Jun/23 07:17:50,14
04/Jun/23 07:18:50,22
04/Jun/23 07:19:50,19
04/Jun/23 07:20:50,12
04/Jun/23 07:21:50,18
04/Jun/23 07:22:50,13
04/Jun/23 07:23:50,26
04/Jun/23 07:24:50,23
04/Jun/23 07:25:50,18
04/Jun/23 07:26:50,11
04/Jun/23 07:27:50,17
04/Jun/23 07:28:50,26
04/Jun/23 07:29:50,30
04/Jun/23 07:30:50,21
04/Jun/23 07:31:50,24
04/Jun/23 07:32:50,20
04/Jun/23 07:33:50,22
04/Jun/23 07:34:50,27
04/Jun/23 07:35:50,12
04/Jun/23 07:36:50,18
04/Jun/23 07:37:50,19
04/Jun/23 07:38:50,20
04/Jun/23 07:39:50,28
04/Jun/23 07:40:50,17
04/Jun/23 07:41:50,20
04/Jun/23 07:42:50,14
04/Jun/23 07:43:50,23
04/Jun/23 07:44:50,17
04/Jun/23 07:45:50,20
04/Jun/23 07:46:50,17
04/Jun/23 07:47:50,21
04/Jun/23 07:48:50,21
04/Jun/23 07:49:50,23
04/Jun/23 07:50:50,25
04/Jun/23 07:51:50,27
04/Jun/23 07:52:50,17
04/Jun/23 07:53:50,20
04/Jun/23 07:54:50,18
04/Jun/23 07:55:50,23
04/Jun/23 07:56:50,16
04/Jun/23 07:57:50,14
04/Jun/23 07:58:50,17
04/Jun/23 07:59:50,17
04/Jun/23 08:00:50,23
04/Jun/23 08:01:50,14
04/Jun/23 08:02:50,27
04/Jun/23 08:03:50,16
04/Jun/23 08:04:50,11
04/Jun/23 08:05:50,28
04/Jun/23 08:06:50,12
04/Jun/23 08:07:50,19
04/Jun/23 08:08:50,20
04/Jun/23 08:09:50,14
04/Jun/23 08:11:57,17
04/Jun/23 08:12:57,20
04/Jun/23 08:13:57,12
04/Jun/23 08:14:57,17
04/Jun/23 08:15:57,18
04/Jun/23 08:16:57,19
04/Jun/23 08:17:57,19
04/Jun/23 08:18:57,17
04/Jun/23 08:19:57,15
04/Jun/23 08:20:57,22
04/Jun/23 08:21:57,19
04/Jun/23 08:22:57,19
04/Jun/23 08:23:57,17
04/Jun/23 08:24:57,17
04/Jun/23 08:25:57,22
04/Jun/23 08:26:57,13
04/Jun/23 08:27:57,18
04/Jun/23 08:28:57,18
04/Jun/23 08:29:57,26
04/Jun/23 08:30:57,23
04/Jun/23 08:31:57,18
04/Jun/23 08:32:57,13
04/Jun/23 08:33:57,13
04/Jun/23 08:34:57,22
04/Jun/23 08:35:57,10
04/Jun/23 08:36:57,21
04/Jun/23 08:37:57,23
04/Jun/23 08:38:57,22
04/Jun/23 08:39:57,22
04/Jun/23 08:40:57,23
04/Jun/23 08:41:57,21
04/Jun/23 08:42:57,19
04/Jun/23 08:43:57,23
04/Jun/23 08:44:57,15
04/Jun/23 08:45:57,17
04/Jun/23 08:46:57,13
04/Jun/23 08:47:57,27
04/Jun/23 08:48:57,16
04/Jun/23 08:49:57,29
04/Jun/23 08:50:57,20
04/Jun/23 08:51:57,19
04/Jun/23 08:52:57,29
04/Jun/23 08:53:57,15
04/Jun/23 08:54:57,21
04/Jun/23 08:55:57,19
04/Jun/23 08:56:57,18
04/Jun/23 08:57:57,27
04/Jun/23 08:58:57,15
04/Jun/23 08:59:57,23
04/Jun/23 09:00:57,23
04/Jun/23 09:01:57,16
04/Jun/23 09:02:57,22
04/Jun/23 09:03:57,21
04/Jun/23 09:04:57,14
04/Jun/23 09:05:57,22
04/Jun/23 09:06:57,23
04/Jun/23 09:07:57,15
04/Jun/23 09:08:57,24
04/Jun/23 09:09:57,22
04/Jun/23 09:12:04,18
04/Jun/23 09:13:04,26
04/Jun/23 09:14:04,17
04/Jun/23 09:15:04,13
04/Jun/23 09:16:04,16
04/Jun/23 09:17:04,21
04/Jun/23 09:18:04,18
04/Jun/23 09:19:04,16
04/Jun/23 09:20:04,19
04/Jun/23 09:21:04,14
04/Jun/23 09:22:04,19
04/Jun/23 09:23:04,20
04/Jun/23 09:24:04,18
04/Jun/23 09:25:04,21
04/Jun/23 09:26:04,20
04/Jun/23 09:27:04,17
04/Jun/23 09:28:04,19
04/Jun/23 09:29:04,12
04/Jun/23 09:30:04,18
04/Jun/23 09:31:04,11
04/Jun/23 09:32:04,20
04/Jun/23 09:33:04,13
04/Jun/23 09:34:04,23
04/Jun/23 09:35:04,26
04/Jun/23 09:36:04,20
04/Jun/23 09:37:04,17
04/Jun/23 09:38:04,22
04/Jun/23 09:39:04,20
04/Jun/23 09:40:04,13
04/Jun/23 09:41:04,22
04/Jun/23 09:42:04,25
04/Jun/23 09:43:04,30
04/Jun/23 09:44:04,25
04/Jun/23 09:45:04,17
04/Jun/23 09:46:04,23
04/Jun/23 09:47:04,16
04/Jun/23 09:48:04,16
04/Jun/23 09:49:04,13
04/Jun/23 09:50:04,7
04/Jun/23 09:51:04,14
04/Jun/23 09:52:04,16
04/Jun/23 09:53:04,16
04/Jun/23 09:54:04,21
04/Jun/23 09:55:04,18
04/Jun/23 09:56:04,12
04/Jun/23 09:57:04,21
04/Jun/23 09:58:04,20
04/Jun/23 09:59:04,19
04/Jun/23 10:00:04,14
04/Jun/23 10:01:04,25
04/Jun/23 10:02:04,22
04/Jun/23 10:03:04,21
04/Jun/23 10:04:04,19
04/Jun/23 10:05:04,20
04/Jun/23 10:06:04,18
04/Jun/23 10:07:04,21
04/Jun/23 10:08:04,21
04/Jun/23 10:09:04,19
04/Jun/23 10:10:04,22
04/Jun/23 10:12:10,19
04/Jun/23 10:13:10,15
04/Jun/23 10:14:10,20
04/Jun/23 10:15:10,22
04/Jun/23 10:16:10,11
04/Jun/23 10:17:10,16
04/Jun/23 10:18:10,17
04/Jun/23 10:19:10,25
04/Jun/23 10:20:10,16
04/Jun/23 10:21:10,18
04/Jun/23 10:22:10,15
04/Jun/23 10:23:10,18
04/Jun/23 10:24:10,20
04/Jun/23 10:25:10,15
04/Jun/23 10:26:10,19
04/Jun/23 10:27:10,12
04/Jun/23 10:28:10,13
04/Jun/23 10:29:10,20
04/Jun/23 10:30:10,21
04/Jun/23 10:31:10,20
04/Jun/23 10:32:10,17
04/Jun/23 10:33:10,18
04/Jun/23 10:34:10,18
04/Jun/23 10:35:10,23
04/Jun/23 10:36:10,21
04/Jun/23 10:37:10,19
04/Jun/23 10:38:10,12
04/Jun/23 10:39:10,15
04/Jun/23 10:40:10,24
04/Jun/23 10:41:10,16
04/Jun/23 10:42:10,21
04/Jun/23 10:43:10,18
04/Jun/23 10:44:10,15
04/Jun/23 10:45:10,20
04/Jun/23 10:46:10,15
04/Jun/23 10:47:10,10
04/Jun/23 10:48:10,16
04/Jun/23 10:49:10,18
04/Jun/23 10:50:10,10
04/Jun/23 10:51:10,28
04/Jun/23 10:52:10,15
04/Jun/23 10:53:10,21
04/Jun/23 10:54:10,26
04/Jun/23 10:55:10,27
04/Jun/23 10:56:10,16
04/Jun/23 10:57:10,11
04/Jun/23 10:58:10,16
04/Jun/23 10:59:10,19
04/Jun/23 11:00:10,18
04/Jun/23 11:01:10,17
04/Jun/23 11:02:10,16
04/Jun/23 11:03:10,16
04/Jun/23 11:04:10,21
04/Jun/23 11:05:10,14
04/Jun/23 11:06:10,18
04/Jun/23 11:07:10,15
04/Jun/23 11:08:10,21
04/Jun/23 11:09:10,16
04/Jun/23 11:10:10,17
04/Jun/23 11:12:17,19
04/Jun/23 11:13:17,21
04/Jun/23 11:14:17,11
04/Jun/23 11:15:17,21
04/Jun/23 11:16:17,23
04/Jun/23 11:17:17,19
04/Jun/23 11:18:17,18
04/Jun/23 11:19:17,25
04/Jun/23 11:20:17,16
04/Jun/23 11:21:17,18
04/Jun/23 11:22:17,17
04/Jun/23 11:23:17,10
04/Jun/23 11:24:17,24
04/Jun/23 11:25:17,24
04/Jun/23 11:26:17,20
04/Jun/23 11:27:17,15
04/Jun/23 11:28:17,24
04/Jun/23 11:29:17,26
04/Jun/23 11:30:17,21
04/Jun/23 11:31:17,15
04/Jun/23 11:32:17,16
04/Jun/23 11:33:17,18
04/Jun/23 11:34:17,19
04/Jun/23 11:35:17,14
04/Jun/23 11:36:17,17
04/Jun/23 11:37:17,18
04/Jun/23 11:38:17,22
04/Jun/23 11:39:17,9
04/Jun/23 11:40:17,11
04/Jun/23 11:41:17,13
04/Jun/23 11:42:17,24
04/Jun/23 11:43:17,16
04/Jun/23 11:44:17,19
04/Jun/23 11:45:17,23
04/Jun/23 11:46:17,14
04/Jun/23 11:47:17,13
04/Jun/23 11:48:17,12
04/Jun/23 11:49:17,16
04/Jun/23 11:50:17,17
04/Jun/23 11:51:17,20
04/Jun/23 11:52:17,19
04/Jun/23 11:53:17,12
04/Jun/23 11:54:17,14
04/Jun/23 11:55:17,25
04/Jun/23 11:56:17,15
04/Jun/23 11:57:17,13
04/Jun/23 11:58:17,11
04/Jun/23 11:59:17,17
04/Jun/23 12:00:17,11
04/Jun/23 12:01:17,17
04/Jun/23 12:02:17,25
04/Jun/23 12:03:17,16
04/Jun/23 12:04:17,13
04/Jun/23 12:05:17,22
04/Jun/23 12:06:17,14
04/Jun/23 12:07:17,18
04/Jun/23 12:08:17,21
04/Jun/23 12:09:17,25
04/Jun/23 12:10:17,21
04/Jun/23 12:12:23,13
04/Jun/23 12:13:23,21
04/Jun/23 12:14:23,19
04/Jun/23 12:15:23,20
04/Jun/23 12:16:23,20
04/Jun/23 12:17:23,20
04/Jun/23 12:18:23,17
04/Jun/23 12:19:23,17
04/Jun/23 12:20:23,15
04/Jun/23 12:21:23,18
04/Jun/23 12:22:23,22
04/Jun/23 12:23:23,18
04/Jun/23 12:24:23,14
04/Jun/23 12:25:23,13
04/Jun/23 12:26:23,27
04/Jun/23 12:27:23,23
04/Jun/23 12:28:23,23
04/Jun/23 12:29:23,18
04/Jun/23 12:30:23,18
04/Jun/23 12:31:23,22
04/Jun/23 12:32:23,17
04/Jun/23 12:33:23,21
04/Jun/23 12:34:23,22
04/Jun/23 12:35:23,21
04/Jun/23 12:36:23,26
04/Jun/23 12:37:23,22
04/Jun/23 12:38:23,19
04/Jun/23 12:39:23,25
04/Jun/23 12:40:23,21
04/Jun/23 12:41:23,15
04/Jun/23 12:42:23,19
04/Jun/23 12:43:23,19
04/Jun/23 12:44:23,27
04/Jun/23 12:45:23,20
04/Jun/23 12:46:23,22
04/Jun/23 12:47:23,20
04/Jun/23 12:48:23,19
04/Jun/23 12:49:23,17
04/Jun/23 12:50:23,21
04/Jun/23 12:51:23,19
04/Jun/23 12:52:23,16
04/Jun/23 12:53:23,19
04/Jun/23 12:54:23,17
04/Jun/23 12:55:23,17
04/Jun/23 12:56:23,22
04/Jun/23 12:57:23,19
04/Jun/23 12:58:23,18
04/Jun/23 12:59:23,9
04/Jun/23 13:00:23,13
04/Jun/23 13:01:23,20
04/Jun/23 13:02:23,13
04/Jun/23 13:03:23,13
04/Jun/23 13:04:23,20
04/Jun/23 13:05:23,26
04/Jun/23 13:06:23,26
04/Jun/23 13:07:23,24
04/Jun/23 13:08:23,26
04/Jun/23 13:09:23,16
04/Jun/23 13:10:23,24
04/Jun/23 13:12:30,18
04/Jun/23 13:13:30,17
04/Jun/23 13:14:30,21
04/Jun/23 13:15:30,19
04/Jun/23 13:16:30,20
04/Jun/23 13:17:30,20
04/Jun/23 13:18:30,23
04/Jun/23 13:19:30,13
04/Jun/23 13:20:30,27
04/Jun/23 13:21:30,18
04/Jun/23 13:22:30,17
04/Jun/23 13:23:30,19
04/Jun/23 13:24:30,11
04/Jun/23 13:25:30,19
04/Jun/23 13:26:30,18
04/Jun/23 13:27:30,22
04/Jun/23 13:28:30,17
04/Jun/23 13:29:30,23
04/Jun/23 13:30:30,20
04/Jun/23 13:31:30,21
04/Jun/23 13:32:30,13
04/Jun/23 13:33:30,16
04/Jun/23 13:34:30,20
04/Jun/23 13:35:30,21
04/Jun/23 13:36:30,18
04/Jun/23 13:37:30,23
04/Jun/23 13:38:30,19
04/Jun/23 13:39:30,13
04/Jun/23 13:40:30,24
04/Jun/23 13:41:30,23
04/Jun/23 13:42:30,16
04/Jun/23 13:43:30,22
04/Jun/23 13:44:30,14
04/Jun/23 13:45:30,19
04/Jun/23 13:46:30,23
04/Jun/23 13:47:30,15
04/Jun/23 13:48:30,26
04/Jun/23 13:49:30,14
04/Jun/23 13:50:30,17
04/Jun/23 13:51:30,25
04/Jun/23 13:52:30,19
04/Jun/23 13:53:30,19
04/Jun/23 13:54:30,19
04/Jun/23 13:55:30,19
04/Jun/23 13:56:30,21
04/Jun/23 13:57:30,13
04/Jun/23 13:58:30,21
04/Jun/23 13:59:30,10
04/Jun/23 14:00:30,24
04/Jun/23 14:01:30,18
04/Jun/23 14:02:30,21
04/Jun/23 14:03:30,19
04/Jun/23 14:04:30,15
04/Jun/23 14:05:30,19
04/Jun/23 14:06:30,22
04/Jun/23 14:07:30,17
04/Jun/23 14:08:30,16
04/Jun/23 14:09:30,24
04/Jun/23 14:10:30,14
04/Jun/23 14:12:37,18
04/Jun/23 14:13:37,18
04/Jun/23 14:14:37,19
04/Jun/23 14:15:37,21
04/Jun/23 14:16:37,22
04/Jun/23 14:17:37,17
04/Jun/23 14:18:37,15
04/Jun/23 14:19:37,17
04/Jun/23 14:20:37,21
04/Jun/23 14:21:37,13
04/Jun/23 14:22:37,16
04/Jun/23 14:23:37,24
04/Jun/23 14:24:37,29
04/Jun/23 14:25:37,21
04/Jun/23 14:26:37,18
04/Jun/23 14:27:37,12
04/Jun/23 14:28:37,22
04/Jun/23 14:29:37,24
04/Jun/23 14:30:37,12
04/Jun/23 14:31:37,12
04/Jun/23 14:32:37,11
04/Jun/23 14:33:37,19
04/Jun/23 14:34:37,14
04/Jun/23 14:35:37,15
04/Jun/23 14:36:37,20
04/Jun/23 14:37:37,22
04/Jun/23 14:38:37,16
04/Jun/23 14:39:37,13
04/Jun/23 14:40:37,18
04/Jun/23 14:41:37,17
04/Jun/23 14:42:37,17
04/Jun/23 14:43:37,21
04/Jun/23 14:44:37,19
04/Jun/23 14:45:37,16
04/Jun/23 14:46:37,15
04/Jun/23 14:47:37,22
04/Jun/23 14:48:37,22
04/Jun/23 14:49:37,20
04/Jun/23 14:50:37,28
04/Jun/23 14:51:37,25
04/Jun/23 14:52:37,14
04/Jun/23 14:53:37,22
04/Jun/23 14:54:37,21
04/Jun/23 14:55:37,23
04/Jun/23 14:56:37,16
04/Jun/23 14:57:37,14
04/Jun/23 14:58:37,11
04/Jun/23 14:59:37,12
04/Jun/23 15:00:37,19
04/Jun/23 15:01:37,17
04/Jun/23 15:02:37,18
04/Jun/23 15:03:37,24
04/Jun/23 15:04:37,19
04/Jun/23 15:05:37,12
04/Jun/23 15:06:37,13
04/Jun/23 15:07:37,27
04/Jun/23 15:08:37,20
04/Jun/23 15:09:37,18
04/Jun/23 15:10:37,26
04/Jun/23 15:12:43,23
04/Jun/23 15:13:43,18
04/Jun/23 15:14:43,21
04/Jun/23 15:15:43,11
04/Jun/23 15:16:43,18
04/Jun/23 15:17:43,21
04/Jun/23 15:18:43,17
04/Jun/23 15:19:43,20
04/Jun/23 15:20:43,22
04/Jun/23 15:21:43,23
04/Jun/23 15:22:43,19
04/Jun/23 15:23:43,14
