28/Jun/23 19:07:01,16
28/Jun/23 19:08:01,16
28/Jun/23 19:09:01,24
28/Jun/23 19:10:01,29
28/Jun/23 19:11:01,19
28/Jun/23 19:12:01,18
28/Jun/23 19:13:01,17
28/Jun/23 19:14:01,20
28/Jun/23 19:15:01,18
28/Jun/23 19:16:01,21
28/Jun/23 19:17:01,18
28/Jun/23 19:18:01,17
28/Jun/23 19:19:01,19
28/Jun/23 19:20:01,17
28/Jun/23 19:21:01,21
28/Jun/23 19:22:01,21
28/Jun/23 19:23:01,19
28/Jun/23 19:24:01,23
28/Jun/23 19:25:01,23
28/Jun/23 19:26:01,20
28/Jun/23 19:27:01,17
28/Jun/23 19:28:01,26
28/Jun/23 19:29:01,19
28/Jun/23 19:30:01,26
28/Jun/23 19:31:01,15
28/Jun/23 19:32:01,15
28/Jun/23 19:33:01,23
28/Jun/23 19:34:01,16
28/Jun/23 19:35:01,17
28/Jun/23 19:36:01,18
28/Jun/23 19:37:01,20
28/Jun/23 19:38:01,19
28/Jun/23 19:39:01,25
28/Jun/23 19:40:01,16
28/Jun/23 19:41:01,20
28/Jun/23 19:42:01,18
28/Jun/23 19:43:01,27
28/Jun/23 19:44:01,20
28/Jun/23 19:45:01,23
28/Jun/23 19:46:01,21
28/Jun/23 19:47:01,22
28/Jun/23 19:48:01,23
28/Jun/23 19:49:01,22
28/Jun/23 19:50:01,11
28/Jun/23 19:51:01,24
28/Jun/23 19:52:01,18
28/Jun/23 19:53:01,18
28/Jun/23 19:54:01,19
28/Jun/23 19:55:01,26
28/Jun/23 19:56:01,19
28/Jun/23 19:57:01,19
28/Jun/23 19:58:01,16
28/Jun/23 19:59:01,25
28/Jun/23 20:00:01,22
28/Jun/23 20:01:01,12
28/Jun/23 20:02:01,17
28/Jun/23 20:03:01,19
28/Jun/23 20:04:01,24
28/Jun/23 20:05:01,19
28/Jun/23 20:06:44,20
28/Jun/23 20:07:44,25
28/Jun/23 20:08:44,11
28/Jun/23 20:09:44,20
28/Jun/23 20:10:44,18
28/Jun/23 20:11:44,23
28/Jun/23 20:12:44,18
28/Jun/23 20:13:44,31
28/Jun/23 20:14:44,21
28/Jun/23 20:15:44,9
28/Jun/23 20:16:44,22
28/Jun/23 20:17:44,18
28/Jun/23 20:18:44,17
28/Jun/23 20:19:44,17
28/Jun/23 20:20:44,18
28/Jun/23 20:21:44,22
28/Jun/23 20:22:44,20
28/Jun/23 20:23:44,21
28/Jun/23 20:24:44,13
28/Jun/23 20:25:44,27
28/Jun/23 20:26:44,13
28/Jun/23 20:27:44,17
28/Jun/23 20:28:44,20
28/Jun/23 20:29:44,19
28/Jun/23 20:30:44,13
28/Jun/23 20:31:44,22
28/Jun/23 20:32:44,21
28/Jun/23 20:33:44,31
28/Jun/23 20:34:44,13
28/Jun/23 20:35:44,28
28/Jun/23 20:36:44,26
28/Jun/23 20:37:44,21
28/Jun/23 20:38:44,15
28/Jun/23 20:39:44,26
28/Jun/23 20:40:44,24
28/Jun/23 20:41:44,17
28/Jun/23 20:42:44,21
28/Jun/23 20:43:44,20
28/Jun/23 20:44:44,31
28/Jun/23 20:45:44,15
28/Jun/23 20:46:44,18
28/Jun/23 20:47:44,19
28/Jun/23 20:48:44,21
28/Jun/23 20:49:44,27
28/Jun/23 20:50:44,19
28/Jun/23 20:51:44,21
28/Jun/23 20:52:44,14
28/Jun/23 20:53:44,23
28/Jun/23 20:54:44,24
28/Jun/23 20:55:44,19
28/Jun/23 20:56:44,22
28/Jun/23 20:57:44,22
28/Jun/23 20:58:44,28
28/Jun/23 20:59:44,22
28/Jun/23 21:00:44,24
28/Jun/23 21:01:44,18
28/Jun/23 21:02:44,23
28/Jun/23 21:03:44,14
28/Jun/23 21:04:44,20
28/Jun/23 21:05:44,20
28/Jun/23 21:06:52,12
28/Jun/23 21:07:52,22
28/Jun/23 21:08:52,22
28/Jun/23 21:09:52,20
28/Jun/23 21:10:52,16
28/Jun/23 21:11:52,20
28/Jun/23 21:12:52,20
28/Jun/23 21:13:52,29
28/Jun/23 21:14:52,36
28/Jun/23 21:15:52,25
28/Jun/23 21:16:52,14
28/Jun/23 21:17:52,28
28/Jun/23 21:18:52,22
28/Jun/23 21:19:52,19
28/Jun/23 21:20:52,19
28/Jun/23 21:21:52,13
28/Jun/23 21:22:52,18
28/Jun/23 21:23:52,19
28/Jun/23 21:24:52,28
28/Jun/23 21:25:52,15
28/Jun/23 21:26:52,10
28/Jun/23 21:27:52,22
28/Jun/23 21:28:52,16
28/Jun/23 21:29:52,25
28/Jun/23 21:30:52,20
28/Jun/23 21:31:52,11
28/Jun/23 21:32:52,15
28/Jun/23 21:33:52,26
28/Jun/23 21:34:52,20
28/Jun/23 21:35:52,15
28/Jun/23 21:36:52,14
28/Jun/23 21:37:52,25
28/Jun/23 21:38:52,25
28/Jun/23 21:39:52,20
28/Jun/23 21:40:52,12
28/Jun/23 21:41:52,20
28/Jun/23 21:42:52,29
28/Jun/23 21:43:52,22
28/Jun/23 21:44:52,27
28/Jun/23 21:45:52,16
28/Jun/23 21:46:52,18
28/Jun/23 21:47:52,19
28/Jun/23 21:48:52,17
28/Jun/23 21:49:52,14
28/Jun/23 21:50:52,18
28/Jun/23 21:51:52,20
28/Jun/23 21:52:52,30
28/Jun/23 21:53:52,23
28/Jun/23 21:54:52,15
28/Jun/23 21:55:52,21
28/Jun/23 21:56:52,17
28/Jun/23 21:57:52,14
28/Jun/23 21:58:52,23
28/Jun/23 21:59:52,26
28/Jun/23 22:00:52,26
28/Jun/23 22:01:52,16
28/Jun/23 22:02:52,17
28/Jun/23 22:03:52,16
28/Jun/23 22:04:52,19
28/Jun/23 22:05:52,23
28/Jun/23 22:06:59,20
28/Jun/23 22:07:59,16
28/Jun/23 22:08:59,23
28/Jun/23 22:09:59,19
28/Jun/23 22:10:59,23
28/Jun/23 22:11:59,18
28/Jun/23 22:12:59,22
28/Jun/23 22:13:59,17
28/Jun/23 22:14:59,19
28/Jun/23 22:15:59,17
28/Jun/23 22:16:59,34
28/Jun/23 22:17:59,13
28/Jun/23 22:18:59,17
28/Jun/23 22:19:59,21
28/Jun/23 22:20:59,19
28/Jun/23 22:21:59,24
28/Jun/23 22:22:59,17
28/Jun/23 22:23:59,17
28/Jun/23 22:24:59,23
28/Jun/23 22:25:59,22
28/Jun/23 22:26:59,18
28/Jun/23 22:27:59,16
28/Jun/23 22:28:59,25
28/Jun/23 22:29:59,14
28/Jun/23 22:30:59,15
28/Jun/23 22:31:59,20
28/Jun/23 22:32:59,15
28/Jun/23 22:33:59,13
28/Jun/23 22:34:59,13
28/Jun/23 22:35:59,17
28/Jun/23 22:36:59,27
28/Jun/23 22:37:59,25
28/Jun/23 22:38:59,19
28/Jun/23 22:39:59,27
28/Jun/23 22:40:59,20
28/Jun/23 22:41:59,25
28/Jun/23 22:42:59,19
28/Jun/23 22:43:59,16
28/Jun/23 22:44:59,33
28/Jun/23 22:45:59,17
28/Jun/23 22:46:59,18
28/Jun/23 22:47:59,18
28/Jun/23 22:48:59,29
28/Jun/23 22:49:59,19
28/Jun/23 22:50:59,17
28/Jun/23 22:51:59,17
28/Jun/23 22:52:59,25
28/Jun/23 22:53:59,18
28/Jun/23 22:54:59,15
28/Jun/23 22:55:59,21
28/Jun/23 22:56:59,18
28/Jun/23 22:57:59,18
28/Jun/23 22:58:59,16
28/Jun/23 22:59:59,16
28/Jun/23 23:00:59,18
28/Jun/23 23:01:59,21
28/Jun/23 23:02:59,18
28/Jun/23 23:03:59,21
28/Jun/23 23:04:59,17
28/Jun/23 23:05:59,17
28/Jun/23 23:07:06,25
28/Jun/23 23:08:06,20
28/Jun/23 23:09:06,23
28/Jun/23 23:10:06,12
28/Jun/23 23:11:06,15
28/Jun/23 23:12:06,18
28/Jun/23 23:13:06,25
28/Jun/23 23:14:06,16
28/Jun/23 23:15:06,19
28/Jun/23 23:16:06,18
28/Jun/23 23:17:06,20
28/Jun/23 23:18:06,20
28/Jun/23 23:19:06,21
28/Jun/23 23:20:06,22
28/Jun/23 23:21:06,24
28/Jun/23 23:22:06,15
28/Jun/23 23:23:06,23
28/Jun/23 23:24:06,18
28/Jun/23 23:25:06,25
28/Jun/23 23:26:06,21
28/Jun/23 23:27:06,18
28/Jun/23 23:28:06,28
28/Jun/23 23:29:06,20
28/Jun/23 23:30:06,19
28/Jun/23 23:31:06,19
28/Jun/23 23:32:06,28
28/Jun/23 23:33:06,19
28/Jun/23 23:34:06,28
28/Jun/23 23:35:06,21
28/Jun/23 23:36:06,21
28/Jun/23 23:37:06,19
28/Jun/23 23:38:06,24
28/Jun/23 23:39:06,12
28/Jun/23 23:40:06,20
28/Jun/23 23:41:06,14
28/Jun/23 23:42:06,22
28/Jun/23 23:43:06,18
28/Jun/23 23:44:06,21
28/Jun/23 23:45:06,26
28/Jun/23 23:46:06,22
28/Jun/23 23:47:06,23
28/Jun/23 23:48:06,23
28/Jun/23 23:49:06,16
28/Jun/23 23:50:06,22
28/Jun/23 23:51:06,24
28/Jun/23 23:52:06,15
28/Jun/23 23:53:06,15
28/Jun/23 23:54:06,20
28/Jun/23 23:55:06,16
28/Jun/23 23:56:06,22
28/Jun/23 23:57:06,14
28/Jun/23 23:58:06,20
28/Jun/23 23:59:06,24
28/Jun/23 24:00:06,26
28/Jun/23 24:01:06,24
28/Jun/23 24:02:06,13
28/Jun/23 24:03:06,10
28/Jun/23 24:04:06,25
28/Jun/23 24:05:06,29
28/Jun/23 24:06:06,19
29/Jun/23 00:07:13,14
29/Jun/23 00:08:13,20
29/Jun/23 00:09:13,18
29/Jun/23 00:10:13,24
29/Jun/23 00:11:13,24
29/Jun/23 00:12:13,21
29/Jun/23 00:13:13,28
29/Jun/23 00:14:13,20
29/Jun/23 00:15:13,25
29/Jun/23 00:16:13,18
29/Jun/23 00:17:13,16
29/Jun/23 00:18:13,17
29/Jun/23 00:19:13,26
29/Jun/23 00:20:13,18
29/Jun/23 00:21:13,21
29/Jun/23 00:22:13,18
29/Jun/23 00:23:13,22
29/Jun/23 00:24:13,19
29/Jun/23 00:25:13,25
29/Jun/23 00:26:13,27
29/Jun/23 00:27:13,16
29/Jun/23 00:28:13,22
29/Jun/23 00:29:13,27
29/Jun/23 00:30:13,15
29/Jun/23 00:31:13,17
29/Jun/23 00:32:13,25
29/Jun/23 00:33:13,13
29/Jun/23 00:34:13,23
29/Jun/23 00:35:13,20
29/Jun/23 00:36:13,18
29/Jun/23 00:37:13,22
29/Jun/23 00:38:13,19
29/Jun/23 00:39:13,20
29/Jun/23 00:40:13,23
29/Jun/23 00:41:13,18
29/Jun/23 00:42:13,25
29/Jun/23 00:43:13,23
29/Jun/23 00:44:13,14
29/Jun/23 00:45:13,26
29/Jun/23 00:46:13,19
29/Jun/23 00:47:13,21
29/Jun/23 00:48:13,16
29/Jun/23 00:49:13,23
29/Jun/23 00:50:13,21
29/Jun/23 00:51:13,18
29/Jun/23 00:52:13,21
29/Jun/23 00:53:13,19
29/Jun/23 00:54:13,19
29/Jun/23 00:55:13,15
29/Jun/23 00:56:13,19
29/Jun/23 00:57:13,20
29/Jun/23 00:58:13,20
29/Jun/23 00:59:13,20
29/Jun/23 01:00:13,25
29/Jun/23 01:01:13,20
29/Jun/23 01:02:13,16
29/Jun/23 01:03:13,19
29/Jun/23 01:04:13,19
29/Jun/23 01:05:13,21
29/Jun/23 01:06:13,20
29/Jun/23 01:07:20,21
29/Jun/23 01:08:20,19
29/Jun/23 01:09:20,19
29/Jun/23 01:10:20,23
29/Jun/23 01:11:20,10
29/Jun/23 01:12:20,14
29/Jun/23 01:13:20,16
29/Jun/23 01:14:20,19
29/Jun/23 01:15:20,19
29/Jun/23 01:16:20,16
29/Jun/23 01:17:20,19
29/Jun/23 01:18:20,30
29/Jun/23 01:19:20,28
29/Jun/23 01:20:20,23
29/Jun/23 01:21:20,23
29/Jun/23 01:22:20,25
29/Jun/23 01:23:20,19
29/Jun/23 01:24:20,19
29/Jun/23 01:25:20,18
29/Jun/23 01:26:20,22
29/Jun/23 01:27:20,15
29/Jun/23 01:28:20,15
29/Jun/23 01:29:20,17
29/Jun/23 01:30:20,24
29/Jun/23 01:31:20,19
29/Jun/23 01:32:20,12
29/Jun/23 01:33:20,17
29/Jun/23 01:34:20,14
29/Jun/23 01:35:20,17
29/Jun/23 01:36:20,20
29/Jun/23 01:37:20,22
29/Jun/23 01:38:20,19
29/Jun/23 01:39:20,23
29/Jun/23 01:40:20,19
29/Jun/23 01:41:20,23
29/Jun/23 01:42:20,19
29/Jun/23 01:43:20,18
29/Jun/23 01:44:20,16
29/Jun/23 01:45:20,13
29/Jun/23 01:46:20,22
29/Jun/23 01:47:20,15
29/Jun/23 01:48:20,26
29/Jun/23 01:49:20,21
29/Jun/23 01:50:20,26
29/Jun/23 01:51:20,14
29/Jun/23 01:52:20,20
29/Jun/23 01:53:20,22
29/Jun/23 01:54:20,20
29/Jun/23 01:55:20,27
29/Jun/23 01:56:20,13
29/Jun/23 01:57:20,17
29/Jun/23 01:58:20,21
29/Jun/23 01:59:20,22
29/Jun/23 02:00:20,18
29/Jun/23 02:01:20,25
29/Jun/23 02:02:20,31
29/Jun/23 02:03:20,20
29/Jun/23 02:04:20,25
29/Jun/23 02:05:20,11
29/Jun/23 02:06:20,23
29/Jun/23 02:07:28,19
29/Jun/23 02:08:28,17
29/Jun/23 02:09:28,20
29/Jun/23 02:10:28,14
29/Jun/23 02:11:28,21
29/Jun/23 02:12:28,15
29/Jun/23 02:13:28,15
29/Jun/23 02:14:28,19
29/Jun/23 02:15:28,13
29/Jun/23 02:16:28,16
29/Jun/23 02:17:28,12
29/Jun/23 02:18:28,20
29/Jun/23 02:19:28,18
29/Jun/23 02:20:28,18
29/Jun/23 02:21:28,20
29/Jun/23 02:22:28,13
29/Jun/23 02:23:28,20
29/Jun/23 02:24:28,19
29/Jun/23 02:25:28,18
29/Jun/23 02:26:28,23
29/Jun/23 02:27:28,16
29/Jun/23 02:28:28,28
29/Jun/23 02:29:28,20
29/Jun/23 02:30:28,17
29/Jun/23 02:31:28,14
29/Jun/23 02:32:28,18
29/Jun/23 02:33:28,25
29/Jun/23 02:34:28,15
29/Jun/23 02:35:28,25
29/Jun/23 02:36:28,17
29/Jun/23 02:37:28,17
29/Jun/23 02:38:28,18
29/Jun/23 02:39:28,32
29/Jun/23 02:40:28,23
29/Jun/23 02:41:28,21
29/Jun/23 02:42:28,19
29/Jun/23 02:43:28,20
29/Jun/23 02:44:28,21
29/Jun/23 02:45:28,18
29/Jun/23 02:46:28,20
29/Jun/23 02:47:28,21
29/Jun/23 02:48:28,14
29/Jun/23 02:49:28,20
29/Jun/23 02:50:28,18
29/Jun/23 02:51:28,19
29/Jun/23 02:52:28,19
29/Jun/23 02:53:28,20
29/Jun/23 02:54:28,16
29/Jun/23 02:55:28,31
29/Jun/23 02:56:28,22
29/Jun/23 02:57:28,21
29/Jun/23 02:58:28,17
29/Jun/23 02:59:28,24
29/Jun/23 03:00:28,23
29/Jun/23 03:01:28,13
29/Jun/23 03:02:28,14
29/Jun/23 03:03:28,18
29/Jun/23 03:04:28,26
29/Jun/23 03:05:28,19
29/Jun/23 03:06:28,21
29/Jun/23 03:07:34,15
29/Jun/23 03:08:34,20
29/Jun/23 03:09:34,25
29/Jun/23 03:10:34,17
29/Jun/23 03:11:34,23
29/Jun/23 03:12:34,26
29/Jun/23 03:13:34,19
29/Jun/23 03:14:34,14
29/Jun/23 03:15:34,13
29/Jun/23 03:16:34,29
29/Jun/23 03:17:34,25
29/Jun/23 03:18:34,23
29/Jun/23 03:19:34,27
29/Jun/23 03:20:34,12
29/Jun/23 03:21:34,15
29/Jun/23 03:22:34,22
29/Jun/23 03:23:34,26
29/Jun/23 03:24:34,18
29/Jun/23 03:25:34,18
29/Jun/23 03:26:34,24
29/Jun/23 03:27:34,20
29/Jun/23 03:28:34,16
29/Jun/23 03:29:34,18
29/Jun/23 03:30:34,15
29/Jun/23 03:31:34,19
29/Jun/23 03:32:34,21
29/Jun/23 03:33:34,21
29/Jun/23 03:34:34,26
29/Jun/23 03:35:34,19
29/Jun/23 03:36:34,13
29/Jun/23 03:37:34,22
29/Jun/23 03:38:34,23
29/Jun/23 03:39:34,27
29/Jun/23 03:40:34,22
29/Jun/23 03:41:34,19
29/Jun/23 03:42:34,25
29/Jun/23 03:43:34,14
29/Jun/23 03:44:34,21
29/Jun/23 03:45:34,21
29/Jun/23 03:46:34,15
29/Jun/23 03:47:34,17
29/Jun/23 03:48:34,22
29/Jun/23 03:49:34,22
29/Jun/23 03:50:34,18
29/Jun/23 03:51:34,24
29/Jun/23 03:52:34,25
29/Jun/23 03:53:34,22
29/Jun/23 03:54:34,31
29/Jun/23 03:55:34,21
29/Jun/23 03:56:34,15
29/Jun/23 03:57:34,21
29/Jun/23 03:58:34,18
29/Jun/23 03:59:34,23
29/Jun/23 04:00:34,22
29/Jun/23 04:01:34,26
29/Jun/23 04:02:34,19
29/Jun/23 04:03:34,25
29/Jun/23 04:04:34,21
29/Jun/23 04:05:34,22
29/Jun/23 04:06:34,23
29/Jun/23 04:07:41,20
29/Jun/23 04:08:41,25
29/Jun/23 04:09:41,16
29/Jun/23 04:10:41,20
29/Jun/23 04:11:41,18
29/Jun/23 04:12:41,15
29/Jun/23 04:13:41,23
29/Jun/23 04:14:41,15
29/Jun/23 04:15:41,28
29/Jun/23 04:16:41,22
29/Jun/23 04:17:41,18
29/Jun/23 04:18:41,25
29/Jun/23 04:19:41,22
29/Jun/23 04:20:41,22
29/Jun/23 04:21:41,21
29/Jun/23 04:22:41,15
29/Jun/23 04:23:41,26
29/Jun/23 04:24:41,22
29/Jun/23 04:25:41,22
29/Jun/23 04:26:41,19
29/Jun/23 04:27:41,16
29/Jun/23 04:28:41,18
29/Jun/23 04:29:41,23
29/Jun/23 04:30:41,13
29/Jun/23 04:31:41,12
29/Jun/23 04:32:41,25
29/Jun/23 04:33:41,18
29/Jun/23 04:34:41,23
29/Jun/23 04:35:41,24
29/Jun/23 04:36:41,19
29/Jun/23 04:37:41,21
29/Jun/23 04:38:41,22
29/Jun/23 04:39:41,16
29/Jun/23 04:40:41,27
29/Jun/23 04:41:41,18
29/Jun/23 04:42:41,23
29/Jun/23 04:43:41,24
29/Jun/23 04:44:41,18
29/Jun/23 04:45:41,16
29/Jun/23 04:46:41,19
29/Jun/23 04:47:41,15
29/Jun/23 04:48:41,23
29/Jun/23 04:49:41,20
29/Jun/23 04:50:41,24
29/Jun/23 04:51:41,25
29/Jun/23 04:52:41,20
29/Jun/23 04:53:41,14
29/Jun/23 04:54:41,12
29/Jun/23 04:55:41,22
29/Jun/23 04:56:41,23
29/Jun/23 04:57:41,22
29/Jun/23 04:58:41,22
29/Jun/23 04:59:41,23
29/Jun/23 05:00:41,28
29/Jun/23 05:01:41,16
29/Jun/23 05:02:41,22
29/Jun/23 05:03:41,20
29/Jun/23 05:04:41,17
29/Jun/23 05:05:41,18
29/Jun/23 05:06:41,26
29/Jun/23 05:07:48,21
29/Jun/23 05:08:48,12
29/Jun/23 05:09:48,17
29/Jun/23 05:10:48,15
29/Jun/23 05:11:48,23
29/Jun/23 05:12:48,29
29/Jun/23 05:13:48,18
29/Jun/23 05:14:48,18
29/Jun/23 05:15:48,15
29/Jun/23 05:16:48,15
29/Jun/23 05:17:48,22
29/Jun/23 05:18:48,19
29/Jun/23 05:19:48,18
29/Jun/23 05:20:48,23
29/Jun/23 05:21:48,17
29/Jun/23 05:22:48,16
29/Jun/23 05:23:48,31
29/Jun/23 05:24:48,17
29/Jun/23 05:25:48,18
29/Jun/23 05:26:48,21
29/Jun/23 05:27:48,20
29/Jun/23 05:28:48,23
29/Jun/23 05:29:48,12
29/Jun/23 05:30:48,24
29/Jun/23 05:31:48,17
29/Jun/23 05:32:48,14
29/Jun/23 05:33:48,19
29/Jun/23 05:34:48,24
29/Jun/23 05:35:48,14
29/Jun/23 05:36:48,18
29/Jun/23 05:37:48,18
29/Jun/23 05:38:48,18
29/Jun/23 05:39:48,18
29/Jun/23 05:40:48,22
29/Jun/23 05:41:48,19
29/Jun/23 05:42:48,19
29/Jun/23 05:43:48,21
29/Jun/23 05:44:48,15
29/Jun/23 05:45:48,17
29/Jun/23 05:46:48,22
29/Jun/23 05:47:48,15
29/Jun/23 05:48:48,18
29/Jun/23 05:49:48,26
29/Jun/23 05:50:48,21
29/Jun/23 05:51:48,23
29/Jun/23 05:52:48,23
29/Jun/23 05:53:48,14
29/Jun/23 05:54:48,27
29/Jun/23 05:55:48,19
29/Jun/23 05:56:48,18
29/Jun/23 05:57:48,19
29/Jun/23 05:58:48,16
29/Jun/23 05:59:48,17
29/Jun/23 06:00:48,25
29/Jun/23 06:01:48,17
29/Jun/23 06:02:48,22
29/Jun/23 06:03:48,25
29/Jun/23 06:04:48,13
29/Jun/23 06:05:48,22
29/Jun/23 06:06:48,26
29/Jun/23 06:07:54,19
29/Jun/23 06:08:54,17
29/Jun/23 06:09:54,21
29/Jun/23 06:10:54,15
29/Jun/23 06:11:54,30
29/Jun/23 06:12:54,17
29/Jun/23 06:13:54,18
29/Jun/23 06:14:54,17
29/Jun/23 06:15:54,19
29/Jun/23 06:16:54,19
29/Jun/23 06:17:54,27
29/Jun/23 06:18:54,24
29/Jun/23 06:19:54,20
29/Jun/23 06:20:54,16
29/Jun/23 06:21:54,20
29/Jun/23 06:22:54,20
29/Jun/23 06:23:54,16
29/Jun/23 06:24:54,22
29/Jun/23 06:25:54,18
29/Jun/23 06:26:54,17
29/Jun/23 06:27:54,25
29/Jun/23 06:28:54,15
29/Jun/23 06:29:54,21
29/Jun/23 06:30:54,22
29/Jun/23 06:31:54,19
29/Jun/23 06:32:54,20
29/Jun/23 06:33:54,27
29/Jun/23 06:34:54,17
29/Jun/23 06:35:54,17
29/Jun/23 06:36:54,17
29/Jun/23 06:37:54,21
29/Jun/23 06:38:54,19
29/Jun/23 06:39:54,17
29/Jun/23 06:40:54,19
29/Jun/23 06:41:54,17
29/Jun/23 06:42:54,15
29/Jun/23 06:43:54,22
29/Jun/23 06:44:54,19
29/Jun/23 06:45:54,16
29/Jun/23 06:46:54,22
29/Jun/23 06:47:54,27
29/Jun/23 06:48:54,18
29/Jun/23 06:49:54,25
29/Jun/23 06:50:54,15
29/Jun/23 06:51:54,27
29/Jun/23 06:52:54,20
29/Jun/23 06:53:54,14
29/Jun/23 06:54:54,24
29/Jun/23 06:55:54,20
29/Jun/23 06:56:54,13
29/Jun/23 06:57:54,15
29/Jun/23 06:58:54,21
29/Jun/23 06:59:54,27
29/Jun/23 07:00:54,21
29/Jun/23 07:01:54,18
29/Jun/23 07:02:54,25
29/Jun/23 07:03:54,25
29/Jun/23 07:04:54,18
29/Jun/23 07:05:54,20
29/Jun/23 07:06:54,28
29/Jun/23 07:08:01,17
29/Jun/23 07:09:01,21
29/Jun/23 07:10:01,20
29/Jun/23 07:11:01,14
29/Jun/23 07:12:01,24
29/Jun/23 07:13:01,21
29/Jun/23 07:14:01,18
29/Jun/23 07:15:01,26
29/Jun/23 07:16:01,16
29/Jun/23 07:17:01,23
29/Jun/23 07:18:01,26
29/Jun/23 07:19:01,20
29/Jun/23 07:20:01,17
29/Jun/23 07:21:01,21
29/Jun/23 07:22:01,15
29/Jun/23 07:23:01,16
29/Jun/23 07:24:01,22
29/Jun/23 07:25:01,20
29/Jun/23 07:26:01,19
29/Jun/23 07:27:01,23
29/Jun/23 07:28:01,22
29/Jun/23 07:29:01,20
29/Jun/23 07:30:01,18
29/Jun/23 07:31:01,20
29/Jun/23 07:32:01,26
29/Jun/23 07:33:01,23
29/Jun/23 07:34:01,16
29/Jun/23 07:35:01,26
29/Jun/23 07:36:01,28
29/Jun/23 07:37:01,14
29/Jun/23 07:38:01,15
29/Jun/23 07:39:01,14
29/Jun/23 07:40:01,17
29/Jun/23 07:41:01,16
29/Jun/23 07:42:01,23
29/Jun/23 07:43:01,22
29/Jun/23 07:44:01,21
29/Jun/23 07:45:01,21
29/Jun/23 07:46:01,18
29/Jun/23 07:47:01,25
29/Jun/23 07:48:01,20
29/Jun/23 07:49:01,16
29/Jun/23 07:50:01,15
29/Jun/23 07:51:01,25
29/Jun/23 07:52:01,22
29/Jun/23 07:53:01,16
29/Jun/23 07:54:01,13
29/Jun/23 07:55:01,16
29/Jun/23 07:56:01,25
29/Jun/23 07:57:01,22
29/Jun/23 07:58:01,15
29/Jun/23 07:59:01,16
29/Jun/23 08:00:01,17
29/Jun/23 08:01:01,21
29/Jun/23 08:02:01,20
29/Jun/23 08:03:01,16
29/Jun/23 08:04:01,22
29/Jun/23 08:05:01,21
29/Jun/23 08:06:01,21
29/Jun/23 08:07:01,25
29/Jun/23 08:08:08,24
29/Jun/23 08:09:08,19
29/Jun/23 08:10:08,17
29/Jun/23 08:11:08,17
29/Jun/23 08:12:08,25
29/Jun/23 08:13:08,21
29/Jun/23 08:14:08,17
29/Jun/23 08:15:08,21
29/Jun/23 08:16:08,17
29/Jun/23 08:17:08,14
29/Jun/23 08:18:08,20
29/Jun/23 08:19:08,20
29/Jun/23 08:20:08,18
29/Jun/23 08:21:08,6
29/Jun/23 08:22:08,16
29/Jun/23 08:23:08,15
29/Jun/23 08:24:08,24
29/Jun/23 08:25:08,22
29/Jun/23 08:26:08,27
29/Jun/23 08:27:08,24
29/Jun/23 08:28:08,19
29/Jun/23 08:29:08,32
29/Jun/23 08:30:08,22
29/Jun/23 08:31:08,11
29/Jun/23 08:32:08,21
29/Jun/23 08:33:08,20
29/Jun/23 08:34:08,26
29/Jun/23 08:35:08,17
29/Jun/23 08:36:08,23
29/Jun/23 08:37:08,15
29/Jun/23 08:38:08,24
29/Jun/23 08:39:08,26
29/Jun/23 08:40:08,27
29/Jun/23 08:41:08,19
29/Jun/23 08:42:08,17
29/Jun/23 08:43:08,22
29/Jun/23 08:44:08,12
29/Jun/23 08:45:08,15
29/Jun/23 08:46:08,24
29/Jun/23 08:47:08,22
29/Jun/23 08:48:08,14
29/Jun/23 08:49:08,24
29/Jun/23 08:50:08,25
29/Jun/23 08:51:08,23
29/Jun/23 08:52:08,15
29/Jun/23 08:53:08,18
29/Jun/23 08:54:08,18
29/Jun/23 08:55:08,21
29/Jun/23 08:56:08,19
29/Jun/23 08:57:08,11
29/Jun/23 08:58:08,27
29/Jun/23 08:59:08,26
29/Jun/23 09:00:08,16
29/Jun/23 09:01:08,23
29/Jun/23 09:02:08,25
29/Jun/23 09:03:08,19
29/Jun/23 09:04:08,20
29/Jun/23 09:05:08,22
29/Jun/23 09:06:08,18
29/Jun/23 09:07:08,13
29/Jun/23 09:08:14,27
29/Jun/23 09:09:14,15
29/Jun/23 09:10:14,25
29/Jun/23 09:11:14,22
29/Jun/23 09:12:14,32
29/Jun/23 09:13:14,16
29/Jun/23 09:14:14,26
29/Jun/23 09:15:14,20
29/Jun/23 09:16:14,16
29/Jun/23 09:17:14,21
29/Jun/23 09:18:14,20
29/Jun/23 09:19:14,20
29/Jun/23 09:20:14,25
29/Jun/23 09:21:14,18
29/Jun/23 09:22:14,26
29/Jun/23 09:23:14,21
29/Jun/23 09:24:14,8
29/Jun/23 09:25:14,16
29/Jun/23 09:26:14,20
29/Jun/23 09:27:14,17
29/Jun/23 09:28:14,20
29/Jun/23 09:29:14,18
29/Jun/23 09:30:14,23
29/Jun/23 09:31:14,20
29/Jun/23 09:32:14,18
29/Jun/23 09:33:14,20
29/Jun/23 09:34:14,19
29/Jun/23 09:35:14,23
29/Jun/23 09:36:14,20
29/Jun/23 09:37:14,16
29/Jun/23 09:38:14,14
29/Jun/23 09:39:14,21
29/Jun/23 09:40:14,11
29/Jun/23 09:41:14,17
29/Jun/23 09:42:14,24
29/Jun/23 09:43:14,26
29/Jun/23 09:44:14,18
29/Jun/23 09:45:14,29
29/Jun/23 09:46:14,20
29/Jun/23 09:47:14,17
29/Jun/23 09:48:14,20
29/Jun/23 09:49:14,19
29/Jun/23 09:50:14,16
29/Jun/23 09:51:14,20
29/Jun/23 09:52:14,21
29/Jun/23 09:53:14,25
29/Jun/23 09:54:14,28
29/Jun/23 09:55:14,27
29/Jun/23 09:56:14,23
29/Jun/23 09:57:14,15
29/Jun/23 09:58:14,21
29/Jun/23 09:59:14,16
29/Jun/23 10:00:14,18
29/Jun/23 10:01:14,13
29/Jun/23 10:02:14,10
29/Jun/23 10:03:14,22
29/Jun/23 10:04:14,28
29/Jun/23 10:05:14,18
29/Jun/23 10:06:14,26
29/Jun/23 10:07:14,24
29/Jun/23 10:08:21,24
29/Jun/23 10:09:21,15
29/Jun/23 10:10:21,18
29/Jun/23 10:11:21,22
29/Jun/23 10:12:21,17
29/Jun/23 10:13:21,12
29/Jun/23 10:14:21,25
29/Jun/23 10:15:21,17
29/Jun/23 10:16:21,21
29/Jun/23 10:17:21,27
29/Jun/23 10:18:21,21
29/Jun/23 10:19:21,21
29/Jun/23 10:20:21,20
29/Jun/23 10:21:21,24
29/Jun/23 10:22:21,18
29/Jun/23 10:23:21,19
29/Jun/23 10:24:21,23
29/Jun/23 10:25:21,14
29/Jun/23 10:26:21,20
29/Jun/23 10:27:21,15
29/Jun/23 10:28:21,12
29/Jun/23 10:29:21,21
29/Jun/23 10:30:21,26
29/Jun/23 10:31:21,12
29/Jun/23 10:32:21,29
29/Jun/23 10:33:21,23
29/Jun/23 10:34:21,17
29/Jun/23 10:35:21,14
29/Jun/23 10:36:21,15
29/Jun/23 10:37:21,24
29/Jun/23 10:38:21,22
29/Jun/23 10:39:21,15
29/Jun/23 10:40:21,11
29/Jun/23 10:41:21,22
29/Jun/23 10:42:21,21
29/Jun/23 10:43:21,20
29/Jun/23 10:44:21,20
29/Jun/23 10:45:21,21
29/Jun/23 10:46:21,21
29/Jun/23 10:47:21,14
29/Jun/23 10:48:21,22
29/Jun/23 10:49:21,20
29/Jun/23 10:50:21,19
29/Jun/23 10:51:21,30
29/Jun/23 10:52:21,27
29/Jun/23 10:53:21,24
29/Jun/23 10:54:21,19
29/Jun/23 10:55:21,15
29/Jun/23 10:56:21,17
29/Jun/23 10:57:21,24
29/Jun/23 10:58:21,16
29/Jun/23 10:59:21,12
29/Jun/23 11:00:21,25
29/Jun/23 11:01:21,19
29/Jun/23 11:02:21,17
29/Jun/23 11:03:21,23
29/Jun/23 11:04:21,19
29/Jun/23 11:05:21,19
29/Jun/23 11:06:21,15
29/Jun/23 11:07:21,20
29/Jun/23 11:08:27,16
29/Jun/23 11:09:27,19
29/Jun/23 11:10:27,23
29/Jun/23 11:11:27,16
29/Jun/23 11:12:27,23
29/Jun/23 11:13:27,18
29/Jun/23 11:14:27,22
29/Jun/23 11:15:27,21
29/Jun/23 11:16:27,20
29/Jun/23 11:17:27,18
29/Jun/23 11:18:27,24
29/Jun/23 11:19:27,23
29/Jun/23 11:20:27,23
29/Jun/23 11:21:27,39
29/Jun/23 11:22:27,20
29/Jun/23 11:23:27,14
29/Jun/23 11:24:27,23
29/Jun/23 11:25:27,22
29/Jun/23 11:26:27,23
29/Jun/23 11:27:27,22
29/Jun/23 11:28:27,16
29/Jun/23 11:29:27,25
29/Jun/23 11:30:27,17
29/Jun/23 11:31:27,20
29/Jun/23 11:32:27,13
29/Jun/23 11:33:27,19
29/Jun/23 11:34:27,21
29/Jun/23 11:35:27,15
29/Jun/23 11:36:27,20
29/Jun/23 11:37:27,20
29/Jun/23 11:38:27,18
29/Jun/23 11:39:27,25
29/Jun/23 11:40:27,26
29/Jun/23 11:41:27,18
29/Jun/23 11:42:27,21
29/Jun/23 11:43:27,14
29/Jun/23 11:44:27,18
29/Jun/23 11:45:27,23
29/Jun/23 11:46:27,19
29/Jun/23 11:47:27,15
29/Jun/23 11:48:27,18
29/Jun/23 11:49:27,22
29/Jun/23 11:50:27,21
29/Jun/23 11:51:27,24
29/Jun/23 11:52:27,15
29/Jun/23 11:53:27,11
29/Jun/23 11:54:27,14
29/Jun/23 11:55:27,15
29/Jun/23 11:56:27,19
29/Jun/23 11:57:27,19
29/Jun/23 11:58:27,29
29/Jun/23 11:59:27,29
29/Jun/23 12:00:27,22
29/Jun/23 12:01:27,29
29/Jun/23 12:02:27,23
29/Jun/23 12:03:27,27
29/Jun/23 12:04:27,16
29/Jun/23 12:05:27,22
29/Jun/23 12:06:27,23
29/Jun/23 12:07:27,18
29/Jun/23 12:08:34,15
29/Jun/23 12:09:34,25
29/Jun/23 12:10:34,26
29/Jun/23 12:11:34,20
29/Jun/23 12:12:34,22
29/Jun/23 12:13:34,24
29/Jun/23 12:14:34,21
29/Jun/23 12:15:34,19
29/Jun/23 12:16:34,19
29/Jun/23 12:17:34,15
29/Jun/23 12:18:34,28
29/Jun/23 12:19:34,16
29/Jun/23 12:20:34,25
29/Jun/23 12:21:34,20
29/Jun/23 12:22:34,20
29/Jun/23 12:23:34,21
29/Jun/23 12:24:34,25
29/Jun/23 12:25:34,14
29/Jun/23 12:26:34,23
29/Jun/23 12:27:34,19
29/Jun/23 12:28:34,20
29/Jun/23 12:29:34,18
29/Jun/23 12:30:34,18
29/Jun/23 12:31:34,15
29/Jun/23 12:32:34,22
29/Jun/23 12:33:34,22
29/Jun/23 12:34:34,21
29/Jun/23 12:35:34,28
29/Jun/23 12:36:34,15
29/Jun/23 12:37:34,28
29/Jun/23 12:38:34,20
29/Jun/23 12:39:34,18
29/Jun/23 12:40:34,12
29/Jun/23 12:41:34,14
29/Jun/23 12:42:34,17
29/Jun/23 12:43:34,15
29/Jun/23 12:44:34,15
29/Jun/23 12:45:34,13
29/Jun/23 12:46:34,19
29/Jun/23 12:47:34,21
29/Jun/23 12:48:34,17
29/Jun/23 12:49:34,25
29/Jun/23 12:50:34,22
29/Jun/23 12:51:34,21
29/Jun/23 12:52:34,16
29/Jun/23 12:53:34,16
29/Jun/23 12:54:34,24
29/Jun/23 12:55:34,22
29/Jun/23 12:56:34,24
29/Jun/23 12:57:34,20
29/Jun/23 12:58:34,26
29/Jun/23 12:59:34,32
29/Jun/23 13:00:34,28
29/Jun/23 13:01:34,18
29/Jun/23 13:02:34,20
29/Jun/23 13:03:34,16
29/Jun/23 13:04:34,17
29/Jun/23 13:05:34,20
29/Jun/23 13:06:34,19
29/Jun/23 13:07:34,13
29/Jun/23 13:08:41,20
29/Jun/23 13:09:41,16
29/Jun/23 13:10:41,20
29/Jun/23 13:11:41,22
29/Jun/23 13:12:41,18
29/Jun/23 13:13:41,16
29/Jun/23 13:14:41,16
29/Jun/23 13:15:41,22
29/Jun/23 13:16:41,22
29/Jun/23 13:17:41,23
29/Jun/23 13:18:41,14
29/Jun/23 13:19:41,21
29/Jun/23 13:20:41,23
29/Jun/23 13:21:41,14
29/Jun/23 13:22:41,16
29/Jun/23 13:23:41,20
29/Jun/23 13:24:41,20
29/Jun/23 13:25:41,22
29/Jun/23 13:26:41,27
29/Jun/23 13:27:41,12
29/Jun/23 13:28:41,24
29/Jun/23 13:29:41,19
29/Jun/23 13:30:41,13
29/Jun/23 13:31:41,16
29/Jun/23 13:32:41,25
29/Jun/23 13:33:41,20
29/Jun/23 13:34:41,26
29/Jun/23 13:35:41,22
29/Jun/23 13:36:41,30
29/Jun/23 13:37:41,22
29/Jun/23 13:38:41,20
29/Jun/23 13:39:41,20
29/Jun/23 13:40:41,21
29/Jun/23 13:41:41,20
29/Jun/23 13:42:41,13
29/Jun/23 13:43:41,26
29/Jun/23 13:44:41,20
29/Jun/23 13:45:41,29
29/Jun/23 13:46:41,15
29/Jun/23 13:47:41,23
29/Jun/23 13:48:41,19
29/Jun/23 13:49:41,17
29/Jun/23 13:50:41,13
29/Jun/23 13:51:41,18
29/Jun/23 13:52:41,20
29/Jun/23 13:53:41,27
29/Jun/23 13:54:41,29
29/Jun/23 13:55:41,21
29/Jun/23 13:56:41,25
29/Jun/23 13:57:41,21
29/Jun/23 13:58:41,18
29/Jun/23 13:59:41,18
29/Jun/23 14:00:41,19
29/Jun/23 14:01:41,20
29/Jun/23 14:02:41,25
29/Jun/23 14:03:41,18
29/Jun/23 14:04:41,19
29/Jun/23 14:05:41,16
29/Jun/23 14:06:41,26
29/Jun/23 14:07:41,21
29/Jun/23 14:08:48,16
29/Jun/23 14:09:48,19
29/Jun/23 14:10:48,18
29/Jun/23 14:11:48,25
29/Jun/23 14:12:48,20
29/Jun/23 14:13:48,24
29/Jun/23 14:14:48,28
29/Jun/23 14:15:48,22
29/Jun/23 14:16:48,23
29/Jun/23 14:17:48,23
29/Jun/23 14:18:48,26
29/Jun/23 14:19:48,13
29/Jun/23 14:20:48,30
29/Jun/23 14:21:48,14
29/Jun/23 14:22:48,14
29/Jun/23 14:23:48,21
29/Jun/23 14:24:48,19
29/Jun/23 14:25:48,18
29/Jun/23 14:26:48,18
29/Jun/23 14:27:48,23
29/Jun/23 14:28:48,23
29/Jun/23 14:29:48,24
29/Jun/23 14:30:48,24
29/Jun/23 14:31:48,26
29/Jun/23 14:32:48,13
29/Jun/23 14:33:48,21
29/Jun/23 14:34:48,20
29/Jun/23 14:35:48,21
29/Jun/23 14:36:48,20
29/Jun/23 14:37:48,19
29/Jun/23 14:38:48,19
29/Jun/23 14:39:48,23
29/Jun/23 14:40:48,22
29/Jun/23 14:41:48,16
29/Jun/23 14:42:48,21
29/Jun/23 14:43:48,17
29/Jun/23 14:44:48,21
29/Jun/23 14:45:48,22
29/Jun/23 14:46:48,20
29/Jun/23 14:47:48,17
29/Jun/23 14:48:48,25
29/Jun/23 14:49:48,19
29/Jun/23 14:50:48,25
29/Jun/23 14:51:48,21
29/Jun/23 14:52:48,14
29/Jun/23 14:53:48,27
29/Jun/23 14:54:48,17
29/Jun/23 14:55:48,21
29/Jun/23 14:56:48,24
29/Jun/23 14:57:48,23
29/Jun/23 14:58:48,25
29/Jun/23 14:59:48,18
29/Jun/23 15:00:48,15
29/Jun/23 15:01:48,13
29/Jun/23 15:02:48,18
29/Jun/23 15:03:48,20
29/Jun/23 15:04:48,15
29/Jun/23 15:05:48,18
29/Jun/23 15:06:48,29
29/Jun/23 15:07:48,19
29/Jun/23 15:08:55,20
29/Jun/23 15:09:55,22
29/Jun/23 15:10:55,21
29/Jun/23 15:11:55,18
29/Jun/23 15:12:55,15
29/Jun/23 15:13:55,14
29/Jun/23 15:14:55,20
29/Jun/23 15:15:55,22
29/Jun/23 15:16:55,18
29/Jun/23 15:17:55,17
29/Jun/23 15:18:55,16
29/Jun/23 15:19:55,15
29/Jun/23 15:20:55,21
29/Jun/23 15:21:55,18
29/Jun/23 15:22:55,21
29/Jun/23 15:23:55,24
29/Jun/23 15:24:55,10
29/Jun/23 15:25:55,30
29/Jun/23 15:26:55,19
29/Jun/23 15:27:55,21
29/Jun/23 15:28:55,11
29/Jun/23 15:29:55,20
29/Jun/23 15:30:55,15
29/Jun/23 15:31:55,24
29/Jun/23 15:32:55,25
29/Jun/23 15:33:55,13
29/Jun/23 15:34:55,24
29/Jun/23 15:35:55,23
29/Jun/23 15:36:55,17
29/Jun/23 15:37:55,21
29/Jun/23 15:38:55,19
29/Jun/23 15:39:55,17
29/Jun/23 15:40:55,15
29/Jun/23 15:41:55,17
29/Jun/23 15:42:55,29
29/Jun/23 15:43:55,20
29/Jun/23 15:44:55,14
29/Jun/23 15:45:55,18
29/Jun/23 15:46:55,11
29/Jun/23 15:47:55,26
29/Jun/23 15:48:55,18
29/Jun/23 15:49:55,15
29/Jun/23 15:50:55,15
29/Jun/23 15:51:55,14
29/Jun/23 15:52:55,14
29/Jun/23 15:53:55,15
29/Jun/23 15:54:55,20
29/Jun/23 15:55:55,20
29/Jun/23 15:56:55,18
29/Jun/23 15:57:55,20
29/Jun/23 15:58:55,19
29/Jun/23 15:59:55,28
29/Jun/23 16:00:55,20
29/Jun/23 16:01:55,24
29/Jun/23 16:02:55,23
29/Jun/23 16:03:55,28
29/Jun/23 16:04:55,15
29/Jun/23 16:05:55,19
29/Jun/23 16:06:55,25
29/Jun/23 16:07:55,14
29/Jun/23 16:09:01,24
29/Jun/23 16:10:01,24
29/Jun/23 16:11:01,22
29/Jun/23 16:12:01,20
29/Jun/23 16:13:01,18
29/Jun/23 16:14:01,18
29/Jun/23 16:15:01,21
29/Jun/23 16:16:01,16
29/Jun/23 16:17:01,20
29/Jun/23 16:18:01,24
29/Jun/23 16:19:01,23
29/Jun/23 16:20:01,18
29/Jun/23 16:21:01,14
29/Jun/23 16:22:01,20
29/Jun/23 16:23:01,24
29/Jun/23 16:24:01,26
29/Jun/23 16:25:01,21
29/Jun/23 16:26:01,18
29/Jun/23 16:27:01,18
29/Jun/23 16:28:01,29
29/Jun/23 16:29:01,20
29/Jun/23 16:30:01,15
29/Jun/23 16:31:01,18
29/Jun/23 16:32:01,16
29/Jun/23 16:33:01,16
29/Jun/23 16:34:01,20
29/Jun/23 16:35:01,14
29/Jun/23 16:36:01,26
29/Jun/23 16:37:01,14
29/Jun/23 16:38:01,20
29/Jun/23 16:39:01,21
29/Jun/23 16:40:01,16
29/Jun/23 16:41:01,22
29/Jun/23 16:42:01,20
29/Jun/23 16:43:01,17
29/Jun/23 16:44:01,25
29/Jun/23 16:45:01,19
29/Jun/23 16:46:01,19
29/Jun/23 16:47:01,12
29/Jun/23 16:48:01,20
29/Jun/23 16:49:01,18
29/Jun/23 16:50:01,17
29/Jun/23 16:51:01,26
29/Jun/23 16:52:01,20
29/Jun/23 16:53:01,22
29/Jun/23 16:54:01,19
29/Jun/23 16:55:01,24
29/Jun/23 16:56:01,36
29/Jun/23 16:57:01,24
29/Jun/23 16:58:01,23
29/Jun/23 16:59:01,22
29/Jun/23 17:00:01,20
29/Jun/23 17:01:01,18
29/Jun/23 17:02:01,21
29/Jun/23 17:03:01,11
29/Jun/23 17:04:01,22
29/Jun/23 17:05:01,21
29/Jun/23 17:06:01,18
29/Jun/23 17:07:01,19
29/Jun/23 17:08:01,20
29/Jun/23 17:09:08,19
29/Jun/23 17:10:08,30
29/Jun/23 17:11:08,23
29/Jun/23 17:12:08,16
29/Jun/23 17:13:08,10
29/Jun/23 17:14:08,23
29/Jun/23 17:15:08,13
29/Jun/23 17:16:08,22
29/Jun/23 17:17:08,29
29/Jun/23 17:18:08,23
29/Jun/23 17:19:08,16
29/Jun/23 17:20:08,13
29/Jun/23 17:21:08,17
29/Jun/23 17:22:08,19
29/Jun/23 17:23:08,23
29/Jun/23 17:24:08,11
29/Jun/23 17:25:08,25
29/Jun/23 17:26:08,21
29/Jun/23 17:27:08,23
29/Jun/23 17:28:08,20
29/Jun/23 17:29:08,22
29/Jun/23 17:30:08,18
29/Jun/23 17:31:08,18
29/Jun/23 17:32:08,20
29/Jun/23 17:33:08,17
29/Jun/23 17:34:08,18
29/Jun/23 17:35:08,20
29/Jun/23 17:36:08,20
29/Jun/23 17:37:08,20
29/Jun/23 17:38:08,21
29/Jun/23 17:39:08,14
29/Jun/23 17:40:08,17
29/Jun/23 17:41:08,22
29/Jun/23 17:42:08,21
29/Jun/23 17:43:08,26
29/Jun/23 17:44:08,19
29/Jun/23 17:45:08,17
29/Jun/23 17:46:08,23
29/Jun/23 17:47:08,23
29/Jun/23 17:48:08,27
29/Jun/23 17:49:08,22
29/Jun/23 17:50:08,25
29/Jun/23 17:51:08,18
29/Jun/23 17:52:08,20
29/Jun/23 17:53:08,24
29/Jun/23 17:54:08,19
29/Jun/23 17:55:08,22
29/Jun/23 17:56:08,26
29/Jun/23 17:57:08,21
29/Jun/23 17:58:08,23
29/Jun/23 17:59:08,22
29/Jun/23 18:00:08,17
29/Jun/23 18:01:08,19
29/Jun/23 18:02:08,24
29/Jun/23 18:03:08,17
29/Jun/23 18:04:08,19
29/Jun/23 18:05:08,23
29/Jun/23 18:06:08,26
29/Jun/23 18:07:08,22
29/Jun/23 18:08:08,19
29/Jun/23 18:09:15,18
29/Jun/23 18:10:15,21
29/Jun/23 18:11:15,16
29/Jun/23 18:12:15,15
29/Jun/23 18:13:15,17
29/Jun/23 18:14:15,18
29/Jun/23 18:15:15,31
29/Jun/23 18:16:15,23
29/Jun/23 18:17:15,13
29/Jun/23 18:18:15,17
29/Jun/23 18:19:15,24
29/Jun/23 18:20:15,24
29/Jun/23 18:21:15,13
29/Jun/23 18:22:15,23
29/Jun/23 18:23:15,18
29/Jun/23 18:24:15,20
29/Jun/23 18:25:15,23
29/Jun/23 18:26:15,21
29/Jun/23 18:27:15,16
29/Jun/23 18:28:15,22
29/Jun/23 18:29:15,28
29/Jun/23 18:30:15,25
29/Jun/23 18:31:15,17
29/Jun/23 18:32:15,22
29/Jun/23 18:33:15,16
29/Jun/23 18:34:15,30
29/Jun/23 18:35:15,26
29/Jun/23 18:36:15,19
29/Jun/23 18:37:15,21
29/Jun/23 18:38:15,19
29/Jun/23 18:39:15,21
29/Jun/23 18:40:15,19
29/Jun/23 18:41:15,23
29/Jun/23 18:42:15,23
29/Jun/23 18:43:15,16
29/Jun/23 18:44:15,14
29/Jun/23 18:45:15,27
29/Jun/23 18:46:15,20
29/Jun/23 18:47:15,24
29/Jun/23 18:48:15,31
29/Jun/23 18:49:15,19
29/Jun/23 18:50:15,19
29/Jun/23 18:51:15,29
29/Jun/23 18:52:15,24
29/Jun/23 18:53:15,30
29/Jun/23 18:54:15,18
29/Jun/23 18:55:15,24
29/Jun/23 18:56:15,21
29/Jun/23 18:57:15,20
29/Jun/23 18:58:15,16
29/Jun/23 18:59:15,15
29/Jun/23 19:00:15,17
29/Jun/23 19:01:15,24
29/Jun/23 19:02:15,23
29/Jun/23 19:03:15,21
29/Jun/23 19:04:15,26
29/Jun/23 19:05:15,14
29/Jun/23 19:06:15,7
29/Jun/23 19:07:15,21
29/Jun/23 19:08:15,22
29/Jun/23 19:09:22,16
29/Jun/23 19:10:22,18
29/Jun/23 19:11:22,16
29/Jun/23 19:12:22,20
29/Jun/23 19:13:22,22
29/Jun/23 19:14:22,21
29/Jun/23 19:15:22,17
29/Jun/23 19:16:22,16
29/Jun/23 19:17:22,13
29/Jun/23 19:18:22,27
29/Jun/23 19:19:22,18
29/Jun/23 19:20:22,20
29/Jun/23 19:21:22,25
29/Jun/23 19:22:22,25
29/Jun/23 19:23:22,19
29/Jun/23 19:24:22,26
29/Jun/23 19:25:22,20
29/Jun/23 19:26:22,19
29/Jun/23 19:27:22,17
29/Jun/23 19:28:22,23
29/Jun/23 19:29:22,24
29/Jun/23 19:30:22,15
29/Jun/23 19:31:22,20
29/Jun/23 19:32:22,16
29/Jun/23 19:33:22,28
29/Jun/23 19:34:22,21
29/Jun/23 19:35:22,18
29/Jun/23 19:36:22,25
29/Jun/23 19:37:22,16
29/Jun/23 19:38:22,24
29/Jun/23 19:39:22,23
29/Jun/23 19:40:22,29
29/Jun/23 19:41:22,26
29/Jun/23 19:42:22,28
29/Jun/23 19:43:22,19
29/Jun/23 19:44:22,18
29/Jun/23 19:45:22,15
29/Jun/23 19:46:22,21
29/Jun/23 19:47:22,19
29/Jun/23 19:48:22,20
29/Jun/23 19:49:22,17
29/Jun/23 19:50:22,26
29/Jun/23 19:51:22,14
29/Jun/23 19:52:22,18
29/Jun/23 19:53:22,21
29/Jun/23 19:54:22,14
29/Jun/23 19:55:22,21
29/Jun/23 19:56:22,19
29/Jun/23 19:57:22,28
29/Jun/23 19:58:22,20
29/Jun/23 19:59:22,26
29/Jun/23 20:00:22,22
29/Jun/23 20:01:22,19
29/Jun/23 20:02:22,21
29/Jun/23 20:03:22,26
29/Jun/23 20:04:22,16
29/Jun/23 20:05:22,24
29/Jun/23 20:06:22,18
29/Jun/23 20:07:22,14
29/Jun/23 20:08:22,15
29/Jun/23 20:09:29,18
29/Jun/23 20:10:29,17
29/Jun/23 20:11:29,15
29/Jun/23 20:12:29,26
29/Jun/23 20:13:29,24
29/Jun/23 20:14:29,18
29/Jun/23 20:15:29,17
29/Jun/23 20:16:29,20
29/Jun/23 20:17:29,16
29/Jun/23 20:18:29,20
29/Jun/23 20:19:29,27
29/Jun/23 20:20:29,18
29/Jun/23 20:21:29,20
29/Jun/23 20:22:29,33
29/Jun/23 20:23:29,19
29/Jun/23 20:24:29,21
29/Jun/23 20:25:29,24
29/Jun/23 20:26:29,25
29/Jun/23 20:27:29,25
29/Jun/23 20:28:29,19
29/Jun/23 20:29:29,23
29/Jun/23 20:30:29,25
29/Jun/23 20:31:29,15
29/Jun/23 20:32:29,26
29/Jun/23 20:33:29,15
29/Jun/23 20:34:29,22
29/Jun/23 20:35:29,16
29/Jun/23 20:36:29,25
29/Jun/23 20:37:29,19
29/Jun/23 20:38:29,15
29/Jun/23 20:39:29,20
29/Jun/23 20:40:29,15
29/Jun/23 20:41:29,27
29/Jun/23 20:42:29,25
29/Jun/23 20:43:29,14
29/Jun/23 20:44:29,22
29/Jun/23 20:45:29,18
29/Jun/23 20:46:29,19
29/Jun/23 20:47:29,23
29/Jun/23 20:48:29,22
29/Jun/23 20:49:29,19
29/Jun/23 20:50:29,21
29/Jun/23 20:51:29,25
29/Jun/23 20:52:29,24
29/Jun/23 20:53:29,17
29/Jun/23 20:54:29,24
29/Jun/23 20:55:29,16
29/Jun/23 20:56:29,19
29/Jun/23 20:57:29,27
29/Jun/23 20:58:29,16
29/Jun/23 20:59:29,15
29/Jun/23 21:00:29,18
29/Jun/23 21:01:29,22
29/Jun/23 21:02:29,18
29/Jun/23 21:03:29,19
29/Jun/23 21:04:29,28
29/Jun/23 21:05:29,28
29/Jun/23 21:06:29,17
29/Jun/23 21:07:29,20
29/Jun/23 21:08:29,33
29/Jun/23 21:09:36,20
29/Jun/23 21:10:36,22
29/Jun/23 21:11:36,25
29/Jun/23 21:12:36,16
29/Jun/23 21:13:36,11
29/Jun/23 21:14:36,19
29/Jun/23 21:15:36,21
29/Jun/23 21:16:36,23
29/Jun/23 21:17:36,23
29/Jun/23 21:18:36,17
29/Jun/23 21:19:36,16
29/Jun/23 21:20:36,17
29/Jun/23 21:21:36,30
29/Jun/23 21:22:36,17
29/Jun/23 21:23:36,15
29/Jun/23 21:24:36,14
29/Jun/23 21:25:36,16
29/Jun/23 21:26:36,26
29/Jun/23 21:27:36,20
29/Jun/23 21:28:36,14
29/Jun/23 21:29:36,24
29/Jun/23 21:30:36,22
29/Jun/23 21:31:36,15
29/Jun/23 21:32:36,24
29/Jun/23 21:33:36,17
29/Jun/23 21:34:36,29
29/Jun/23 21:35:36,15
29/Jun/23 21:36:36,20
29/Jun/23 21:37:36,25
29/Jun/23 21:38:36,19
29/Jun/23 21:39:36,16
29/Jun/23 21:40:36,10
29/Jun/23 21:41:36,20
29/Jun/23 21:42:36,19
29/Jun/23 21:43:36,24
29/Jun/23 21:44:36,13
29/Jun/23 21:45:36,15
29/Jun/23 21:46:36,25
29/Jun/23 21:47:36,17
29/Jun/23 21:48:36,21
29/Jun/23 21:49:36,23
29/Jun/23 21:50:36,23
29/Jun/23 21:51:36,16
29/Jun/23 21:52:36,21
29/Jun/23 21:53:36,14
29/Jun/23 21:54:36,22
29/Jun/23 21:55:36,18
29/Jun/23 21:56:36,18
29/Jun/23 21:57:36,18
29/Jun/23 21:58:36,27
29/Jun/23 21:59:36,20
29/Jun/23 22:00:36,25
29/Jun/23 22:01:36,21
29/Jun/23 22:02:36,22
29/Jun/23 22:03:36,18
29/Jun/23 22:04:36,16
29/Jun/23 22:05:36,21
29/Jun/23 22:06:36,20
29/Jun/23 22:07:36,12
29/Jun/23 22:08:36,20
29/Jun/23 22:09:42,19
29/Jun/23 22:10:42,17
29/Jun/23 22:11:42,26
29/Jun/23 22:12:42,18
29/Jun/23 22:13:42,25
29/Jun/23 22:14:42,17
29/Jun/23 22:15:42,19
29/Jun/23 22:16:42,16
29/Jun/23 22:17:42,16
29/Jun/23 22:18:42,24
29/Jun/23 22:19:42,16
29/Jun/23 22:20:42,29
29/Jun/23 22:21:42,19
29/Jun/23 22:22:42,23
29/Jun/23 22:23:42,23
29/Jun/23 22:24:42,14
29/Jun/23 22:25:42,17
29/Jun/23 22:26:42,17
29/Jun/23 22:27:42,17
29/Jun/23 22:28:42,34
29/Jun/23 22:29:42,23
29/Jun/23 22:30:42,21
29/Jun/23 22:31:42,13
29/Jun/23 22:32:42,16
29/Jun/23 22:33:42,25
29/Jun/23 22:34:42,20
29/Jun/23 22:35:42,26
29/Jun/23 22:36:42,23
29/Jun/23 22:37:42,15
29/Jun/23 22:38:42,19
29/Jun/23 22:39:42,17
29/Jun/23 22:40:42,23
29/Jun/23 22:41:42,14
29/Jun/23 22:42:42,21
29/Jun/23 22:43:42,21
29/Jun/23 22:44:42,21
29/Jun/23 22:45:42,17
29/Jun/23 22:46:42,23
29/Jun/23 22:47:42,22
29/Jun/23 22:48:42,21
29/Jun/23 22:49:42,30
29/Jun/23 22:50:42,22
29/Jun/23 22:51:42,22
29/Jun/23 22:52:42,18
29/Jun/23 22:53:42,25
29/Jun/23 22:54:42,19
29/Jun/23 22:55:42,23
29/Jun/23 22:56:42,14
29/Jun/23 22:57:42,16
29/Jun/23 22:58:42,20
29/Jun/23 22:59:42,19
29/Jun/23 23:00:42,21
29/Jun/23 23:01:42,24
29/Jun/23 23:02:42,19
29/Jun/23 23:03:42,20
29/Jun/23 23:04:42,21
29/Jun/23 23:05:42,11
29/Jun/23 23:06:42,29
29/Jun/23 23:07:42,13
29/Jun/23 23:08:42,28
29/Jun/23 23:09:49,17
29/Jun/23 23:10:49,17
29/Jun/23 23:11:49,20
29/Jun/23 23:12:49,14
29/Jun/23 23:13:49,18
29/Jun/23 23:14:49,21
29/Jun/23 23:15:49,10
29/Jun/23 23:16:49,12
29/Jun/23 23:17:49,19
29/Jun/23 23:18:49,16
29/Jun/23 23:19:49,18
29/Jun/23 23:20:49,14
29/Jun/23 23:21:49,25
29/Jun/23 23:22:49,21
29/Jun/23 23:23:49,22
29/Jun/23 23:24:49,17
29/Jun/23 23:25:49,25
29/Jun/23 23:26:49,18
29/Jun/23 23:27:49,15
29/Jun/23 23:28:49,18
29/Jun/23 23:29:49,13
29/Jun/23 23:30:49,15
29/Jun/23 23:31:49,22
29/Jun/23 23:32:49,15
29/Jun/23 23:33:49,10
29/Jun/23 23:34:49,19
29/Jun/23 23:35:49,20
29/Jun/23 23:36:49,22
29/Jun/23 23:37:49,14
29/Jun/23 23:38:49,25
29/Jun/23 23:39:49,15
29/Jun/23 23:40:49,22
29/Jun/23 23:41:49,25
29/Jun/23 23:42:49,34
29/Jun/23 23:43:49,14
29/Jun/23 23:44:49,17
29/Jun/23 23:45:49,29
29/Jun/23 23:46:49,23
29/Jun/23 23:47:49,16
29/Jun/23 23:48:49,17
29/Jun/23 23:49:49,11
29/Jun/23 23:50:49,21
29/Jun/23 23:51:49,17
29/Jun/23 23:52:49,21
29/Jun/23 23:53:49,20
29/Jun/23 23:54:49,23
29/Jun/23 23:55:49,21
29/Jun/23 23:56:49,9
29/Jun/23 23:57:49,20
29/Jun/23 23:58:49,17
29/Jun/23 23:59:49,17
29/Jun/23 24:00:49,34
29/Jun/23 24:01:49,17
29/Jun/23 24:02:49,15
29/Jun/23 24:03:49,13
29/Jun/23 24:04:49,24
29/Jun/23 24:05:49,21
29/Jun/23 24:06:49,22
29/Jun/23 24:07:49,16
29/Jun/23 24:08:49,19
30/Jun/23 00:09:55,14
30/Jun/23 00:10:55,23
30/Jun/23 00:11:55,22
30/Jun/23 00:12:55,16
30/Jun/23 00:13:55,14
30/Jun/23 00:14:55,20
30/Jun/23 00:15:55,25
30/Jun/23 00:16:55,14
30/Jun/23 00:17:55,17
30/Jun/23 00:18:55,10
30/Jun/23 00:19:55,17
30/Jun/23 00:20:55,17
30/Jun/23 00:21:55,27
30/Jun/23 00:22:55,13
30/Jun/23 00:23:55,23
30/Jun/23 00:24:55,24
30/Jun/23 00:25:55,28
30/Jun/23 00:26:55,15
30/Jun/23 00:27:55,22
30/Jun/23 00:28:55,20
30/Jun/23 00:29:55,15
30/Jun/23 00:30:55,21
30/Jun/23 00:31:55,25
30/Jun/23 00:32:55,16
30/Jun/23 00:33:55,18
30/Jun/23 00:34:55,17
30/Jun/23 00:35:55,27
30/Jun/23 00:36:55,27
30/Jun/23 00:37:55,25
30/Jun/23 00:38:55,23
30/Jun/23 00:39:55,22
30/Jun/23 00:40:55,18
30/Jun/23 00:41:55,16
30/Jun/23 00:42:55,18
30/Jun/23 00:43:55,20
30/Jun/23 00:44:55,26
30/Jun/23 00:45:55,16
30/Jun/23 00:46:55,20
30/Jun/23 00:47:55,22
30/Jun/23 00:48:55,17
30/Jun/23 00:49:55,25
30/Jun/23 00:50:55,16
30/Jun/23 00:51:55,23
30/Jun/23 00:52:55,23
30/Jun/23 00:53:55,18
30/Jun/23 00:54:55,21
30/Jun/23 00:55:55,21
30/Jun/23 00:56:55,25
30/Jun/23 00:57:55,24
30/Jun/23 00:58:55,16
30/Jun/23 00:59:55,13
30/Jun/23 01:00:55,25
30/Jun/23 01:01:55,25
30/Jun/23 01:02:55,12
30/Jun/23 01:03:55,24
30/Jun/23 01:04:55,18
30/Jun/23 01:05:55,35
30/Jun/23 01:06:55,15
30/Jun/23 01:07:55,16
30/Jun/23 01:08:55,20
30/Jun/23 01:10:02,25
30/Jun/23 01:11:02,24
30/Jun/23 01:12:02,17
30/Jun/23 01:13:02,28
30/Jun/23 01:14:02,23
30/Jun/23 01:15:02,16
30/Jun/23 01:16:02,15
30/Jun/23 01:17:02,22
30/Jun/23 01:18:02,18
30/Jun/23 01:19:02,30
30/Jun/23 01:20:02,21
30/Jun/23 01:21:02,28
30/Jun/23 01:22:02,18
30/Jun/23 01:23:02,31
30/Jun/23 01:24:02,23
30/Jun/23 01:25:02,28
30/Jun/23 01:26:02,19
30/Jun/23 01:27:02,12
30/Jun/23 01:28:02,19
30/Jun/23 01:29:02,14
30/Jun/23 01:30:02,30
30/Jun/23 01:31:02,29
30/Jun/23 01:32:02,21
30/Jun/23 01:33:02,14
30/Jun/23 01:34:02,15
30/Jun/23 01:35:02,18
30/Jun/23 01:36:02,21
30/Jun/23 01:37:02,18
30/Jun/23 01:38:02,19
30/Jun/23 01:39:02,18
30/Jun/23 01:40:02,20
30/Jun/23 01:41:02,21
30/Jun/23 01:42:02,23
30/Jun/23 01:43:02,23
30/Jun/23 01:44:02,17
30/Jun/23 01:45:02,26
30/Jun/23 01:46:02,25
30/Jun/23 01:47:02,17
30/Jun/23 01:48:02,26
30/Jun/23 01:49:02,17
30/Jun/23 01:50:02,15
30/Jun/23 01:51:02,19
30/Jun/23 01:52:02,22
30/Jun/23 01:53:02,29
30/Jun/23 01:54:02,27
30/Jun/23 01:55:02,16
30/Jun/23 01:56:02,24
30/Jun/23 01:57:02,14
30/Jun/23 01:58:02,19
30/Jun/23 01:59:02,29
30/Jun/23 02:00:02,22
30/Jun/23 02:01:02,19
30/Jun/23 02:02:02,22
30/Jun/23 02:03:02,17
30/Jun/23 02:04:02,28
30/Jun/23 02:05:02,25
30/Jun/23 02:06:02,25
30/Jun/23 02:07:02,31
30/Jun/23 02:08:02,24
30/Jun/23 02:09:02,18
30/Jun/23 02:10:08,18
30/Jun/23 02:11:08,30
30/Jun/23 02:12:08,17
30/Jun/23 02:13:08,19
30/Jun/23 02:14:08,17
30/Jun/23 02:15:08,23
30/Jun/23 02:16:08,21
30/Jun/23 02:17:08,14
30/Jun/23 02:18:08,22
30/Jun/23 02:19:08,25
30/Jun/23 02:20:08,18
30/Jun/23 02:21:08,13
30/Jun/23 02:22:08,22
30/Jun/23 02:23:08,22
30/Jun/23 02:24:08,11
30/Jun/23 02:25:08,21
30/Jun/23 02:26:08,21
30/Jun/23 02:27:08,23
30/Jun/23 02:28:08,21
30/Jun/23 02:29:08,23
30/Jun/23 02:30:08,10
30/Jun/23 02:31:08,13
30/Jun/23 02:32:08,12
30/Jun/23 02:33:08,20
30/Jun/23 02:34:08,22
30/Jun/23 02:35:08,15
30/Jun/23 02:36:08,22
30/Jun/23 02:37:08,16
30/Jun/23 02:38:08,15
30/Jun/23 02:39:08,23
30/Jun/23 02:40:08,22
30/Jun/23 02:41:08,22
30/Jun/23 02:42:08,27
30/Jun/23 02:43:08,21
30/Jun/23 02:44:08,29
30/Jun/23 02:45:08,14
30/Jun/23 02:46:08,20
30/Jun/23 02:47:08,19
30/Jun/23 02:48:08,21
30/Jun/23 02:49:08,22
30/Jun/23 02:50:08,21
30/Jun/23 02:51:08,27
30/Jun/23 02:52:08,20
30/Jun/23 02:53:08,23
30/Jun/23 02:54:08,23
30/Jun/23 02:55:08,13
30/Jun/23 02:56:08,27
30/Jun/23 02:57:08,20
30/Jun/23 02:58:08,16
30/Jun/23 02:59:08,14
30/Jun/23 03:00:08,15
30/Jun/23 03:01:08,23
30/Jun/23 03:02:08,9
30/Jun/23 03:03:08,18
30/Jun/23 03:04:08,16
30/Jun/23 03:05:08,26
30/Jun/23 03:06:08,23
30/Jun/23 03:07:08,13
30/Jun/23 03:08:08,23
30/Jun/23 03:09:08,21
30/Jun/23 03:10:15,28
30/Jun/23 03:11:15,23
30/Jun/23 03:12:15,19
30/Jun/23 03:13:15,24
30/Jun/23 03:14:15,5
30/Jun/23 03:15:15,25
30/Jun/23 03:16:15,12
30/Jun/23 03:17:15,20
30/Jun/23 03:18:15,28
30/Jun/23 03:19:15,17
30/Jun/23 03:20:15,22
30/Jun/23 03:21:15,25
30/Jun/23 03:22:15,24
30/Jun/23 03:23:15,23
30/Jun/23 03:24:15,20
30/Jun/23 03:25:15,16
30/Jun/23 03:26:15,16
30/Jun/23 03:27:15,13
30/Jun/23 03:28:15,14
30/Jun/23 03:29:15,17
30/Jun/23 03:30:15,20
30/Jun/23 03:31:15,27
30/Jun/23 03:32:15,17
30/Jun/23 03:33:15,15
30/Jun/23 03:34:15,22
30/Jun/23 03:35:15,16
30/Jun/23 03:36:15,14
30/Jun/23 03:37:15,24
30/Jun/23 03:38:15,26
30/Jun/23 03:39:15,18
30/Jun/23 03:40:15,19
30/Jun/23 03:41:15,14
30/Jun/23 03:42:15,21
30/Jun/23 03:43:15,21
30/Jun/23 03:44:15,25
30/Jun/23 03:45:15,25
30/Jun/23 03:46:15,18
30/Jun/23 03:47:15,18
30/Jun/23 03:48:15,23
30/Jun/23 03:49:15,18
30/Jun/23 03:50:15,20
30/Jun/23 03:51:15,19
30/Jun/23 03:52:15,28
30/Jun/23 03:53:15,23
30/Jun/23 03:54:15,20
30/Jun/23 03:55:15,14
30/Jun/23 03:56:15,15
30/Jun/23 03:57:15,23
30/Jun/23 03:58:15,12
30/Jun/23 03:59:15,16
30/Jun/23 04:00:15,17
30/Jun/23 04:01:15,21
30/Jun/23 04:02:15,18
30/Jun/23 04:03:15,22
30/Jun/23 04:04:15,18
30/Jun/23 04:05:15,14
30/Jun/23 04:06:15,22
30/Jun/23 04:07:15,26
30/Jun/23 04:08:15,25
30/Jun/23 04:09:15,24
30/Jun/23 04:10:21,14
30/Jun/23 04:11:21,13
30/Jun/23 04:12:21,22
30/Jun/23 04:13:21,12
30/Jun/23 04:14:21,17
30/Jun/23 04:15:21,20
30/Jun/23 04:16:21,13
30/Jun/23 04:17:21,24
30/Jun/23 04:18:21,13
30/Jun/23 04:19:21,21
30/Jun/23 04:20:21,19
30/Jun/23 04:21:21,19
30/Jun/23 04:22:21,24
30/Jun/23 04:23:21,15
30/Jun/23 04:24:21,17
30/Jun/23 04:25:21,25
30/Jun/23 04:26:21,19
30/Jun/23 04:27:21,13
30/Jun/23 04:28:21,24
30/Jun/23 04:29:21,12
30/Jun/23 04:30:21,20
30/Jun/23 04:31:21,23
30/Jun/23 04:32:21,24
30/Jun/23 04:33:21,20
30/Jun/23 04:34:21,21
30/Jun/23 04:35:21,24
30/Jun/23 04:36:21,22
30/Jun/23 04:37:21,23
30/Jun/23 04:38:21,22
30/Jun/23 04:39:21,21
30/Jun/23 04:40:21,10
30/Jun/23 04:41:21,22
30/Jun/23 04:42:21,18
30/Jun/23 04:43:21,15
30/Jun/23 04:44:21,19
30/Jun/23 04:45:21,22
30/Jun/23 04:46:21,19
30/Jun/23 04:47:21,20
30/Jun/23 04:48:21,15
30/Jun/23 04:49:21,12
30/Jun/23 04:50:21,16
30/Jun/23 04:51:21,19
30/Jun/23 04:52:21,20
30/Jun/23 04:53:21,15
30/Jun/23 04:54:21,32
30/Jun/23 04:55:21,30
30/Jun/23 04:56:21,15
30/Jun/23 04:57:21,15
30/Jun/23 04:58:21,15
30/Jun/23 04:59:21,24
30/Jun/23 05:00:21,24
30/Jun/23 05:01:21,16
30/Jun/23 05:02:21,24
30/Jun/23 05:03:21,23
30/Jun/23 05:04:21,17
30/Jun/23 05:05:21,15
30/Jun/23 05:06:21,24
30/Jun/23 05:07:21,19
30/Jun/23 05:08:21,25
30/Jun/23 05:09:21,21
30/Jun/23 05:10:27,21
30/Jun/23 05:11:27,15
30/Jun/23 05:12:27,28
30/Jun/23 05:13:27,20
30/Jun/23 05:14:27,19
30/Jun/23 05:15:27,28
30/Jun/23 05:16:27,22
30/Jun/23 05:17:27,17
30/Jun/23 05:18:27,22
30/Jun/23 05:19:27,15
30/Jun/23 05:20:27,18
30/Jun/23 05:21:27,23
30/Jun/23 05:22:27,16
30/Jun/23 05:23:27,30
30/Jun/23 05:24:27,23
30/Jun/23 05:25:27,20
30/Jun/23 05:26:27,24
30/Jun/23 05:27:27,21
30/Jun/23 05:28:27,14
30/Jun/23 05:29:27,26
30/Jun/23 05:30:27,25
30/Jun/23 05:31:27,18
30/Jun/23 05:32:27,13
30/Jun/23 05:33:27,21
30/Jun/23 05:34:27,19
30/Jun/23 05:35:27,13
30/Jun/23 05:36:27,19
30/Jun/23 05:37:27,26
30/Jun/23 05:38:27,23
30/Jun/23 05:39:27,12
30/Jun/23 05:40:27,22
30/Jun/23 05:41:27,13
30/Jun/23 05:42:27,13
30/Jun/23 05:43:27,19
30/Jun/23 05:44:27,24
30/Jun/23 05:45:27,19
30/Jun/23 05:46:27,24
30/Jun/23 05:47:27,27
30/Jun/23 05:48:27,22
30/Jun/23 05:49:27,24
30/Jun/23 05:50:27,13
30/Jun/23 05:51:27,29
30/Jun/23 05:52:27,21
30/Jun/23 05:53:27,18
30/Jun/23 05:54:27,22
30/Jun/23 05:55:27,18
30/Jun/23 05:56:27,23
30/Jun/23 05:57:27,21
30/Jun/23 05:58:27,19
30/Jun/23 05:59:27,20
30/Jun/23 06:00:27,15
30/Jun/23 06:01:27,14
30/Jun/23 06:02:27,20
30/Jun/23 06:03:27,29
30/Jun/23 06:04:27,18
30/Jun/23 06:05:27,18
30/Jun/23 06:06:27,22
30/Jun/23 06:07:27,17
30/Jun/23 06:08:27,19
30/Jun/23 06:09:27,11
30/Jun/23 06:10:34,15
30/Jun/23 06:11:34,27
30/Jun/23 06:12:34,14
30/Jun/23 06:13:34,16
30/Jun/23 06:14:34,22
30/Jun/23 06:15:34,18
30/Jun/23 06:16:34,27
30/Jun/23 06:17:34,15
30/Jun/23 06:18:34,18
30/Jun/23 06:19:34,21
30/Jun/23 06:20:34,26
30/Jun/23 06:21:34,22
30/Jun/23 06:22:34,20
30/Jun/23 06:23:34,15
30/Jun/23 06:24:34,23
30/Jun/23 06:25:34,12
30/Jun/23 06:26:34,19
30/Jun/23 06:27:34,19
30/Jun/23 06:28:34,20
30/Jun/23 06:29:34,16
30/Jun/23 06:30:34,13
30/Jun/23 06:31:34,14
30/Jun/23 06:32:34,17
30/Jun/23 06:33:34,16
30/Jun/23 06:34:34,20
30/Jun/23 06:35:34,26
30/Jun/23 06:36:34,20
30/Jun/23 06:37:34,19
30/Jun/23 06:38:34,18
30/Jun/23 06:39:34,21
30/Jun/23 06:40:34,22
30/Jun/23 06:41:34,14
30/Jun/23 06:42:34,19
30/Jun/23 06:43:34,20
30/Jun/23 06:44:34,17
30/Jun/23 06:45:34,19
30/Jun/23 06:46:34,20
30/Jun/23 06:47:34,13
30/Jun/23 06:48:34,24
30/Jun/23 06:49:34,16
30/Jun/23 06:50:34,27
30/Jun/23 06:51:34,21
30/Jun/23 06:52:34,25
30/Jun/23 06:53:34,19
30/Jun/23 06:54:34,14
30/Jun/23 06:55:34,24
30/Jun/23 06:56:34,15
30/Jun/23 06:57:34,23
30/Jun/23 06:58:34,17
30/Jun/23 06:59:34,20
30/Jun/23 07:00:34,27
30/Jun/23 07:01:34,19
30/Jun/23 07:02:34,17
30/Jun/23 07:03:34,24
30/Jun/23 07:04:34,17
30/Jun/23 07:05:34,16
30/Jun/23 07:06:34,15
30/Jun/23 07:07:34,20
30/Jun/23 07:08:34,22
30/Jun/23 07:09:34,12
30/Jun/23 07:10:40,17
30/Jun/23 07:11:40,17
30/Jun/23 07:12:40,22
30/Jun/23 07:13:40,20
30/Jun/23 07:14:40,23
30/Jun/23 07:15:40,14
30/Jun/23 07:16:40,26
30/Jun/23 07:17:40,22
30/Jun/23 07:18:40,18
30/Jun/23 07:19:40,26
30/Jun/23 07:20:40,18
30/Jun/23 07:21:40,25
30/Jun/23 07:22:40,22
30/Jun/23 07:23:40,18
30/Jun/23 07:24:40,25
30/Jun/23 07:25:40,14
30/Jun/23 07:26:40,22
30/Jun/23 07:27:40,17
30/Jun/23 07:28:40,25
30/Jun/23 07:29:40,22
30/Jun/23 07:30:40,13
30/Jun/23 07:31:40,25
30/Jun/23 07:32:40,11
30/Jun/23 07:33:40,22
30/Jun/23 07:34:40,14
30/Jun/23 07:35:40,16
30/Jun/23 07:36:40,24
30/Jun/23 07:37:40,27
30/Jun/23 07:38:40,21
30/Jun/23 07:39:40,15
30/Jun/23 07:40:40,15
30/Jun/23 07:41:40,13
30/Jun/23 07:42:40,20
30/Jun/23 07:43:40,15
30/Jun/23 07:44:40,16
30/Jun/23 07:45:40,20
30/Jun/23 07:46:40,30
30/Jun/23 07:47:40,15
30/Jun/23 07:48:40,27
30/Jun/23 07:49:40,13
30/Jun/23 07:50:40,22
30/Jun/23 07:51:40,22
30/Jun/23 07:52:40,22
30/Jun/23 07:53:40,25
30/Jun/23 07:54:40,19
30/Jun/23 07:55:40,22
30/Jun/23 07:56:40,9
30/Jun/23 07:57:40,20
30/Jun/23 07:58:40,23
30/Jun/23 07:59:40,27
30/Jun/23 08:00:40,22
30/Jun/23 08:01:40,21
30/Jun/23 08:02:40,17
30/Jun/23 08:03:40,18
30/Jun/23 08:04:40,16
30/Jun/23 08:05:40,15
30/Jun/23 08:06:40,16
30/Jun/23 08:07:40,20
30/Jun/23 08:08:40,19
30/Jun/23 08:09:40,21
30/Jun/23 08:10:47,20
30/Jun/23 08:11:47,19
30/Jun/23 08:12:47,24
30/Jun/23 08:13:47,24
30/Jun/23 08:14:47,17
30/Jun/23 08:15:47,22
30/Jun/23 08:16:47,14
30/Jun/23 08:17:47,14
30/Jun/23 08:18:47,19
30/Jun/23 08:19:47,17
30/Jun/23 08:20:47,25
30/Jun/23 08:21:47,20
30/Jun/23 08:22:47,15
30/Jun/23 08:23:47,19
30/Jun/23 08:24:47,18
30/Jun/23 08:25:47,28
30/Jun/23 08:26:47,22
30/Jun/23 08:27:47,35
30/Jun/23 08:28:47,19
30/Jun/23 08:29:47,22
30/Jun/23 08:30:47,20
30/Jun/23 08:31:47,21
30/Jun/23 08:32:47,28
30/Jun/23 08:33:47,16
30/Jun/23 08:34:47,27
30/Jun/23 08:35:47,29
30/Jun/23 08:36:47,23
30/Jun/23 08:37:47,22
30/Jun/23 08:38:47,24
30/Jun/23 08:39:47,21
30/Jun/23 08:40:47,16
30/Jun/23 08:41:47,23
30/Jun/23 08:42:47,21
30/Jun/23 08:43:47,22
30/Jun/23 08:44:47,22
30/Jun/23 08:45:47,21
30/Jun/23 08:46:47,20
30/Jun/23 08:47:47,28
30/Jun/23 08:48:47,19
30/Jun/23 08:49:47,19
30/Jun/23 08:50:47,15
30/Jun/23 08:51:47,18
30/Jun/23 08:52:47,18
30/Jun/23 08:53:47,20
30/Jun/23 08:54:47,21
30/Jun/23 08:55:47,19
30/Jun/23 08:56:47,24
30/Jun/23 08:57:47,20
30/Jun/23 08:58:47,20
30/Jun/23 08:59:47,13
30/Jun/23 09:00:47,17
30/Jun/23 09:01:47,26
30/Jun/23 09:02:47,23
30/Jun/23 09:03:47,19
30/Jun/23 09:04:47,22
30/Jun/23 09:05:47,24
30/Jun/23 09:06:47,12
30/Jun/23 09:07:47,15
30/Jun/23 09:08:47,12
30/Jun/23 09:09:47,33
30/Jun/23 09:10:53,25
30/Jun/23 09:11:53,22
30/Jun/23 09:12:53,17
30/Jun/23 09:13:53,15
30/Jun/23 09:14:53,17
30/Jun/23 09:15:53,27
30/Jun/23 09:16:53,28
30/Jun/23 09:17:53,21
30/Jun/23 09:18:53,18
30/Jun/23 09:19:53,14
30/Jun/23 09:20:53,15
30/Jun/23 09:21:53,22
30/Jun/23 09:22:53,17
30/Jun/23 09:23:53,20
30/Jun/23 09:24:53,19
30/Jun/23 09:25:53,19
30/Jun/23 09:26:53,29
30/Jun/23 09:27:53,19
30/Jun/23 09:28:53,24
30/Jun/23 09:29:53,25
30/Jun/23 09:30:53,22
30/Jun/23 09:31:53,26
30/Jun/23 09:32:53,16
30/Jun/23 09:33:53,23
30/Jun/23 09:34:53,13
30/Jun/23 09:35:53,22
30/Jun/23 09:36:53,22
30/Jun/23 09:37:53,20
30/Jun/23 09:38:53,21
30/Jun/23 09:39:53,23
30/Jun/23 09:40:53,16
30/Jun/23 09:41:53,23
30/Jun/23 09:42:53,18
30/Jun/23 09:43:53,15
30/Jun/23 09:44:53,14
30/Jun/23 09:45:53,18
30/Jun/23 09:46:53,14
30/Jun/23 09:47:53,24
30/Jun/23 09:48:53,22
30/Jun/23 09:49:53,10
30/Jun/23 09:50:53,13
30/Jun/23 09:51:53,19
30/Jun/23 09:52:53,15
30/Jun/23 09:53:53,13
30/Jun/23 09:54:53,16
30/Jun/23 09:55:53,16
30/Jun/23 09:56:53,17
30/Jun/23 09:57:53,22
30/Jun/23 09:58:53,18
30/Jun/23 09:59:53,18
30/Jun/23 10:00:53,21
30/Jun/23 10:01:53,32
30/Jun/23 10:02:53,22
30/Jun/23 10:03:53,26
30/Jun/23 10:04:53,24
30/Jun/23 10:05:53,20
30/Jun/23 10:06:53,17
30/Jun/23 10:07:53,24
30/Jun/23 10:08:53,21
30/Jun/23 10:09:53,23
30/Jun/23 10:11:00,22
30/Jun/23 10:12:00,22
30/Jun/23 10:13:00,19
30/Jun/23 10:14:00,19
30/Jun/23 10:15:00,23
30/Jun/23 10:16:00,15
30/Jun/23 10:17:00,24
30/Jun/23 10:18:00,14
30/Jun/23 10:19:00,17
30/Jun/23 10:20:00,14
30/Jun/23 10:21:00,24
30/Jun/23 10:22:00,25
30/Jun/23 10:23:00,20
30/Jun/23 10:24:00,24
30/Jun/23 10:25:00,20
30/Jun/23 10:26:00,19
30/Jun/23 10:27:00,19
30/Jun/23 10:28:00,19
30/Jun/23 10:29:00,22
30/Jun/23 10:30:00,22
30/Jun/23 10:31:00,20
30/Jun/23 10:32:00,24
30/Jun/23 10:33:00,21
30/Jun/23 10:34:00,13
30/Jun/23 10:35:00,26
30/Jun/23 10:36:00,20
30/Jun/23 10:37:00,17
30/Jun/23 10:38:00,19
30/Jun/23 10:39:00,21
30/Jun/23 10:40:00,22
30/Jun/23 10:41:00,21
30/Jun/23 10:42:00,17
30/Jun/23 10:43:00,23
30/Jun/23 10:44:00,25
30/Jun/23 10:45:00,17
30/Jun/23 10:46:00,20
30/Jun/23 10:47:00,23
30/Jun/23 10:48:00,18
30/Jun/23 10:49:00,20
30/Jun/23 10:50:00,16
30/Jun/23 10:51:00,24
30/Jun/23 10:52:00,19
30/Jun/23 10:53:00,17
30/Jun/23 10:54:00,17
30/Jun/23 10:55:00,16
30/Jun/23 10:56:00,22
30/Jun/23 10:57:00,18
30/Jun/23 10:58:00,18
30/Jun/23 10:59:00,18
30/Jun/23 11:00:00,19
30/Jun/23 11:01:00,20
30/Jun/23 11:02:00,19
30/Jun/23 11:03:00,27
30/Jun/23 11:04:00,22
30/Jun/23 11:05:00,17
30/Jun/23 11:06:00,26
30/Jun/23 11:07:00,29
30/Jun/23 11:08:00,19
30/Jun/23 11:09:00,13
30/Jun/23 11:10:00,10
30/Jun/23 11:11:07,24
30/Jun/23 11:12:07,20
30/Jun/23 11:13:07,16
30/Jun/23 11:14:07,23
30/Jun/23 11:15:07,22
30/Jun/23 11:16:07,28
30/Jun/23 11:17:07,24
30/Jun/23 11:18:07,16
30/Jun/23 11:19:07,24
30/Jun/23 11:20:07,28
30/Jun/23 11:21:07,17
30/Jun/23 11:22:07,17
30/Jun/23 11:23:07,21
30/Jun/23 11:24:07,16
30/Jun/23 11:25:07,23
30/Jun/23 11:26:07,16
30/Jun/23 11:27:07,14
30/Jun/23 11:28:07,7
30/Jun/23 11:29:07,26
30/Jun/23 11:30:07,18
30/Jun/23 11:31:07,17
30/Jun/23 11:32:07,15
30/Jun/23 11:33:07,25
30/Jun/23 11:34:07,20
30/Jun/23 11:35:07,20
30/Jun/23 11:36:07,18
30/Jun/23 11:37:07,28
30/Jun/23 11:38:07,23
30/Jun/23 11:39:07,22
30/Jun/23 11:40:07,23
30/Jun/23 11:41:07,16
30/Jun/23 11:42:07,26
30/Jun/23 11:43:07,17
30/Jun/23 11:44:07,24
30/Jun/23 11:45:07,22
30/Jun/23 11:46:07,21
30/Jun/23 11:47:07,19
30/Jun/23 11:48:07,16
30/Jun/23 11:49:07,18
30/Jun/23 11:50:07,17
30/Jun/23 11:51:07,15
30/Jun/23 11:52:07,22
30/Jun/23 11:53:07,18
30/Jun/23 11:54:07,24
30/Jun/23 11:55:07,14
30/Jun/23 11:56:07,24
30/Jun/23 11:57:07,18
30/Jun/23 11:58:07,16
30/Jun/23 11:59:07,15
30/Jun/23 12:00:07,21
30/Jun/23 12:01:07,29
30/Jun/23 12:02:07,24
30/Jun/23 12:03:07,9
30/Jun/23 12:04:07,14
30/Jun/23 12:05:07,26
30/Jun/23 12:06:07,19
30/Jun/23 12:07:07,14
30/Jun/23 12:08:07,20
30/Jun/23 12:09:07,20
30/Jun/23 12:10:07,19
30/Jun/23 12:11:15,14
30/Jun/23 12:12:15,16
30/Jun/23 12:13:15,22
30/Jun/23 12:14:15,17
30/Jun/23 12:15:15,23
30/Jun/23 12:16:15,30
30/Jun/23 12:17:15,21
30/Jun/23 12:18:15,19
30/Jun/23 12:19:15,15
30/Jun/23 12:20:15,20
30/Jun/23 12:21:15,25
30/Jun/23 12:22:15,20
30/Jun/23 12:23:15,18
30/Jun/23 12:24:15,14
30/Jun/23 12:25:15,25
30/Jun/23 12:26:15,14
30/Jun/23 12:27:15,22
30/Jun/23 12:28:15,17
30/Jun/23 12:29:15,14
30/Jun/23 12:30:15,18
30/Jun/23 12:31:15,18
30/Jun/23 12:32:15,17
30/Jun/23 12:33:15,21
30/Jun/23 12:34:15,24
30/Jun/23 12:35:15,20
30/Jun/23 12:36:15,16
30/Jun/23 12:37:15,19
30/Jun/23 12:38:15,23
30/Jun/23 12:39:15,19
30/Jun/23 12:40:15,20
30/Jun/23 12:41:15,28
30/Jun/23 12:42:15,17
30/Jun/23 12:43:15,24
30/Jun/23 12:44:15,21
30/Jun/23 12:45:15,27
30/Jun/23 12:46:15,22
30/Jun/23 12:47:15,19
30/Jun/23 12:48:15,26
30/Jun/23 12:49:15,14
30/Jun/23 12:50:15,27
30/Jun/23 12:51:15,16
30/Jun/23 12:52:15,25
30/Jun/23 12:53:15,23
30/Jun/23 12:54:15,21
30/Jun/23 12:55:15,27
30/Jun/23 12:56:15,16
30/Jun/23 12:57:15,17
30/Jun/23 12:58:15,15
30/Jun/23 12:59:15,20
30/Jun/23 13:00:15,23
30/Jun/23 13:01:15,21
30/Jun/23 13:02:15,22
30/Jun/23 13:03:15,24
30/Jun/23 13:04:15,12
30/Jun/23 13:05:15,20
30/Jun/23 13:06:15,28
30/Jun/23 13:07:15,10
30/Jun/23 13:08:15,20
30/Jun/23 13:09:15,23
30/Jun/23 13:10:15,14
30/Jun/23 13:11:21,15
30/Jun/23 13:12:21,23
30/Jun/23 13:13:21,16
30/Jun/23 13:14:21,27
30/Jun/23 13:15:21,14
30/Jun/23 13:16:21,16
30/Jun/23 13:17:21,22
30/Jun/23 13:18:21,17
30/Jun/23 13:19:21,25
30/Jun/23 13:20:21,20
30/Jun/23 13:21:21,23
30/Jun/23 13:22:21,20
30/Jun/23 13:23:21,8
30/Jun/23 13:24:21,12
30/Jun/23 13:25:21,21
30/Jun/23 13:26:21,21
30/Jun/23 13:27:21,17
30/Jun/23 13:28:21,18
30/Jun/23 13:29:21,20
30/Jun/23 13:30:21,14
30/Jun/23 13:31:21,18
30/Jun/23 13:32:21,18
30/Jun/23 13:33:21,17
30/Jun/23 13:34:21,16
30/Jun/23 13:35:21,21
30/Jun/23 13:36:21,23
30/Jun/23 13:37:21,25
30/Jun/23 13:38:21,12
30/Jun/23 13:39:21,23
30/Jun/23 13:40:21,18
30/Jun/23 13:41:21,23
30/Jun/23 13:42:21,19
30/Jun/23 13:43:21,27
30/Jun/23 13:44:21,24
30/Jun/23 13:45:21,20
30/Jun/23 13:46:21,14
30/Jun/23 13:47:21,19
30/Jun/23 13:48:21,10
30/Jun/23 13:49:21,17
30/Jun/23 13:50:21,19
30/Jun/23 13:51:21,17
30/Jun/23 13:52:21,24
30/Jun/23 13:53:21,20
30/Jun/23 13:54:21,15
30/Jun/23 13:55:21,20
30/Jun/23 13:56:21,28
30/Jun/23 13:57:21,23
30/Jun/23 13:58:21,23
30/Jun/23 13:59:21,19
30/Jun/23 14:00:21,14
30/Jun/23 14:01:21,18
30/Jun/23 14:02:21,17
30/Jun/23 14:03:21,20
30/Jun/23 14:04:21,22
30/Jun/23 14:05:21,20
30/Jun/23 14:06:21,11
30/Jun/23 14:07:21,15
30/Jun/23 14:08:21,24
30/Jun/23 14:09:21,10
30/Jun/23 14:10:21,20
30/Jun/23 14:11:28,27
30/Jun/23 14:12:28,20
30/Jun/23 14:13:28,25
30/Jun/23 14:14:28,17
30/Jun/23 14:15:28,13
30/Jun/23 14:16:28,23
30/Jun/23 14:17:28,17
30/Jun/23 14:18:28,22
30/Jun/23 14:19:28,17
30/Jun/23 14:20:28,34
30/Jun/23 14:21:28,26
30/Jun/23 14:22:28,15
30/Jun/23 14:23:28,20
30/Jun/23 14:24:28,22
30/Jun/23 14:25:28,19
30/Jun/23 14:26:28,25
30/Jun/23 14:27:28,21
30/Jun/23 14:28:28,18
30/Jun/23 14:29:28,19
30/Jun/23 14:30:28,20
30/Jun/23 14:31:28,16
30/Jun/23 14:32:28,20
30/Jun/23 14:33:28,15
30/Jun/23 14:34:28,22
30/Jun/23 14:35:28,17
30/Jun/23 14:36:28,11
30/Jun/23 14:37:28,28
30/Jun/23 14:38:28,15
30/Jun/23 14:39:28,13
30/Jun/23 14:40:28,16
30/Jun/23 14:41:28,16
30/Jun/23 14:42:28,20
30/Jun/23 14:43:28,14
30/Jun/23 14:44:28,22
30/Jun/23 14:45:28,21
30/Jun/23 14:46:28,20
30/Jun/23 14:47:28,22
30/Jun/23 14:48:28,14
30/Jun/23 14:49:28,32
30/Jun/23 14:50:28,25
30/Jun/23 14:51:28,20
30/Jun/23 14:52:28,23
30/Jun/23 14:53:28,19
30/Jun/23 14:54:28,19
30/Jun/23 14:55:28,22
30/Jun/23 14:56:28,18
30/Jun/23 14:57:28,12
30/Jun/23 14:58:28,22
30/Jun/23 14:59:28,23
30/Jun/23 15:00:28,18
30/Jun/23 15:01:28,17
30/Jun/23 15:02:28,19
30/Jun/23 15:03:28,21
30/Jun/23 15:04:28,22
30/Jun/23 15:05:28,12
30/Jun/23 15:06:28,23
30/Jun/23 15:07:28,18
30/Jun/23 15:08:28,26
30/Jun/23 15:09:28,29
30/Jun/23 15:10:28,21
30/Jun/23 15:11:35,21
30/Jun/23 15:12:35,16
30/Jun/23 15:13:35,18
30/Jun/23 15:14:35,26
30/Jun/23 15:15:35,12
30/Jun/23 15:16:35,17
30/Jun/23 15:17:35,22
30/Jun/23 15:18:35,19
30/Jun/23 15:19:35,25
30/Jun/23 15:20:35,18
30/Jun/23 15:21:35,20
30/Jun/23 15:22:35,17
30/Jun/23 15:23:35,14
30/Jun/23 15:24:35,21
30/Jun/23 15:25:35,30
30/Jun/23 15:26:35,14
30/Jun/23 15:27:35,14
30/Jun/23 15:28:35,28
30/Jun/23 15:29:35,22
30/Jun/23 15:30:35,28
30/Jun/23 15:31:35,27
30/Jun/23 15:32:35,29
30/Jun/23 15:33:35,16
30/Jun/23 15:34:35,21
30/Jun/23 15:35:35,11
30/Jun/23 15:36:35,16
30/Jun/23 15:37:35,24
30/Jun/23 15:38:35,24
30/Jun/23 15:39:35,19
30/Jun/23 15:40:35,17
30/Jun/23 15:41:35,21
30/Jun/23 15:42:35,16
30/Jun/23 15:43:35,18
30/Jun/23 15:44:35,21
30/Jun/23 15:45:35,20
30/Jun/23 15:46:35,24
30/Jun/23 15:47:35,25
30/Jun/23 15:48:35,17
30/Jun/23 15:49:35,26
30/Jun/23 15:50:35,16
30/Jun/23 15:51:35,25
30/Jun/23 15:52:35,14
30/Jun/23 15:53:35,16
30/Jun/23 15:54:35,16
30/Jun/23 15:55:35,30
30/Jun/23 15:56:35,16
30/Jun/23 15:57:35,18
30/Jun/23 15:58:35,20
30/Jun/23 15:59:35,29
30/Jun/23 16:00:35,18
30/Jun/23 16:01:35,23
30/Jun/23 16:02:35,30
30/Jun/23 16:03:35,23
30/Jun/23 16:04:35,22
30/Jun/23 16:05:35,23
30/Jun/23 16:06:35,20
30/Jun/23 16:07:35,19
30/Jun/23 16:08:35,20
30/Jun/23 16:09:35,19
30/Jun/23 16:10:35,15
30/Jun/23 16:11:41,22
30/Jun/23 16:12:41,14
30/Jun/23 16:13:41,18
30/Jun/23 16:14:41,24
30/Jun/23 16:15:41,30
30/Jun/23 16:16:41,9
30/Jun/23 16:17:41,16
30/Jun/23 16:18:41,27
30/Jun/23 16:19:41,17
30/Jun/23 16:20:41,22
30/Jun/23 16:21:41,30
30/Jun/23 16:22:41,18
30/Jun/23 16:23:41,16
30/Jun/23 16:24:41,14
30/Jun/23 16:25:41,28
30/Jun/23 16:26:41,22
30/Jun/23 16:27:41,17
30/Jun/23 16:28:41,19
30/Jun/23 16:29:41,19
30/Jun/23 16:30:41,20
30/Jun/23 16:31:41,14
30/Jun/23 16:32:41,20
30/Jun/23 16:33:41,15
30/Jun/23 16:34:41,20
30/Jun/23 16:35:41,21
30/Jun/23 16:36:41,16
30/Jun/23 16:37:41,21
30/Jun/23 16:38:41,16
30/Jun/23 16:39:41,20
30/Jun/23 16:40:41,22
30/Jun/23 16:41:41,16
30/Jun/23 16:42:41,18
30/Jun/23 16:43:41,20
30/Jun/23 16:44:41,16
30/Jun/23 16:45:41,18
30/Jun/23 16:46:41,28
30/Jun/23 16:47:41,17
30/Jun/23 16:48:41,24
30/Jun/23 16:49:41,18
30/Jun/23 16:50:41,15
30/Jun/23 16:51:41,20
30/Jun/23 16:52:41,25
30/Jun/23 16:53:41,15
30/Jun/23 16:54:41,14
30/Jun/23 16:55:41,19
30/Jun/23 16:56:41,24
30/Jun/23 16:57:41,10
30/Jun/23 16:58:41,25
30/Jun/23 16:59:41,21
30/Jun/23 17:00:41,27
30/Jun/23 17:01:41,22
30/Jun/23 17:02:41,30
30/Jun/23 17:03:41,17
30/Jun/23 17:04:41,20
30/Jun/23 17:05:41,21
30/Jun/23 17:06:41,17
30/Jun/23 17:07:41,17
30/Jun/23 17:08:41,17
30/Jun/23 17:09:41,25
30/Jun/23 17:10:41,11
30/Jun/23 17:11:47,25
30/Jun/23 17:12:47,17
30/Jun/23 17:13:47,18
30/Jun/23 17:14:47,10
30/Jun/23 17:15:47,23
30/Jun/23 17:16:47,14
30/Jun/23 17:17:47,24
30/Jun/23 17:18:47,21
30/Jun/23 17:19:47,8
30/Jun/23 17:20:47,18
30/Jun/23 17:21:47,21
30/Jun/23 17:22:47,17
30/Jun/23 17:23:47,15
30/Jun/23 17:24:47,22
30/Jun/23 17:25:47,17
30/Jun/23 17:26:47,17
30/Jun/23 17:27:47,24
30/Jun/23 17:28:47,21
30/Jun/23 17:29:47,24
30/Jun/23 17:30:47,24
30/Jun/23 17:31:47,16
30/Jun/23 17:32:47,24
30/Jun/23 17:33:47,26
30/Jun/23 17:34:47,22
30/Jun/23 17:35:47,16
30/Jun/23 17:36:47,21
30/Jun/23 17:37:47,20
30/Jun/23 17:38:47,15
30/Jun/23 17:39:47,25
30/Jun/23 17:40:47,23
30/Jun/23 17:41:47,18
30/Jun/23 17:42:47,30
30/Jun/23 17:43:47,25
30/Jun/23 17:44:47,17
30/Jun/23 17:45:47,13
30/Jun/23 17:46:47,18
30/Jun/23 17:47:47,19
30/Jun/23 17:48:47,11
30/Jun/23 17:49:47,23
30/Jun/23 17:50:47,26
30/Jun/23 17:51:47,22
30/Jun/23 17:52:47,18
30/Jun/23 17:53:47,20
30/Jun/23 17:54:47,20
30/Jun/23 17:55:47,28
30/Jun/23 17:56:47,18
30/Jun/23 17:57:47,23
30/Jun/23 17:58:47,22
30/Jun/23 17:59:47,24
30/Jun/23 18:00:47,18
30/Jun/23 18:01:47,21
30/Jun/23 18:02:47,21
30/Jun/23 18:03:47,23
30/Jun/23 18:04:47,25
30/Jun/23 18:05:47,14
30/Jun/23 18:06:47,17
30/Jun/23 18:07:47,26
30/Jun/23 18:08:47,20
30/Jun/23 18:09:47,21
30/Jun/23 18:10:47,23
30/Jun/23 18:11:54,28
30/Jun/23 18:12:54,23
30/Jun/23 18:13:54,12
30/Jun/23 18:14:54,21
30/Jun/23 18:15:54,27
30/Jun/23 18:16:54,21
30/Jun/23 18:17:54,19
30/Jun/23 18:18:54,22
30/Jun/23 18:19:54,18
30/Jun/23 18:20:54,19
30/Jun/23 18:21:54,27
30/Jun/23 18:22:54,21
30/Jun/23 18:23:54,16
30/Jun/23 18:24:54,17
30/Jun/23 18:25:54,21
30/Jun/23 18:26:54,13
30/Jun/23 18:27:54,22
30/Jun/23 18:28:54,17
30/Jun/23 18:29:54,14
30/Jun/23 18:30:54,16
30/Jun/23 18:31:54,23
30/Jun/23 18:32:54,23
30/Jun/23 18:33:54,14
30/Jun/23 18:34:54,26
30/Jun/23 18:35:54,17
30/Jun/23 18:36:54,22
30/Jun/23 18:37:54,21
30/Jun/23 18:38:54,19
30/Jun/23 18:39:54,18
30/Jun/23 18:40:54,23
30/Jun/23 18:41:54,24
30/Jun/23 18:42:54,15
30/Jun/23 18:43:54,19
30/Jun/23 18:44:54,19
30/Jun/23 18:45:54,25
30/Jun/23 18:46:54,22
30/Jun/23 18:47:54,23
30/Jun/23 18:48:54,25
30/Jun/23 18:49:54,15
30/Jun/23 18:50:54,19
30/Jun/23 18:51:54,34
30/Jun/23 18:52:54,24
30/Jun/23 18:53:54,22
30/Jun/23 18:54:54,20
30/Jun/23 18:55:54,17
30/Jun/23 18:56:54,22
30/Jun/23 18:57:54,18
30/Jun/23 18:58:54,18
30/Jun/23 18:59:54,23
30/Jun/23 19:00:54,20
30/Jun/23 19:01:54,23
30/Jun/23 19:02:54,15
30/Jun/23 19:03:54,23
30/Jun/23 19:04:54,23
30/Jun/23 19:05:54,14
30/Jun/23 19:06:54,23
30/Jun/23 19:07:54,15
30/Jun/23 19:08:54,18
30/Jun/23 19:09:54,12
30/Jun/23 19:10:54,26
30/Jun/23 19:12:01,16
30/Jun/23 19:13:01,19
30/Jun/23 19:14:01,18
30/Jun/23 19:15:01,22
30/Jun/23 19:16:01,17
30/Jun/23 19:17:01,24
30/Jun/23 19:18:01,15
30/Jun/23 19:19:01,28
30/Jun/23 19:20:01,17
30/Jun/23 19:21:01,22
30/Jun/23 19:22:01,16
30/Jun/23 19:23:01,22
30/Jun/23 19:24:01,20
30/Jun/23 19:25:01,22
30/Jun/23 19:26:01,25
30/Jun/23 19:27:01,25
30/Jun/23 19:28:01,19
30/Jun/23 19:29:01,22
30/Jun/23 19:30:01,16
30/Jun/23 19:31:01,14
30/Jun/23 19:32:01,22
30/Jun/23 19:33:01,21
30/Jun/23 19:34:01,16
30/Jun/23 19:35:01,16
30/Jun/23 19:36:01,12
30/Jun/23 19:37:01,14
30/Jun/23 19:38:01,13
30/Jun/23 19:39:01,23
30/Jun/23 19:40:01,20
30/Jun/23 19:41:01,26
30/Jun/23 19:42:01,16
30/Jun/23 19:43:01,14
30/Jun/23 19:44:01,14
30/Jun/23 19:45:01,21
30/Jun/23 19:46:01,18
30/Jun/23 19:47:01,25
30/Jun/23 19:48:01,29
30/Jun/23 19:49:01,24
30/Jun/23 19:50:01,18
30/Jun/23 19:51:01,19
30/Jun/23 19:52:01,23
30/Jun/23 19:53:01,26
30/Jun/23 19:54:01,23
30/Jun/23 19:55:01,23
30/Jun/23 19:56:01,26
30/Jun/23 19:57:01,12
30/Jun/23 19:58:01,17
30/Jun/23 19:59:01,15
30/Jun/23 20:00:01,21
30/Jun/23 20:01:01,16
30/Jun/23 20:02:01,13
30/Jun/23 20:03:01,24
30/Jun/23 20:04:01,17
30/Jun/23 20:05:01,21
30/Jun/23 20:06:01,19
30/Jun/23 20:07:01,21
30/Jun/23 20:08:01,22
30/Jun/23 20:09:01,15
30/Jun/23 20:10:01,17
30/Jun/23 20:11:01,23
30/Jun/23 20:12:08,26
30/Jun/23 20:13:08,12
30/Jun/23 20:14:08,11
30/Jun/23 20:15:08,26
30/Jun/23 20:16:08,20
30/Jun/23 20:17:08,13
30/Jun/23 20:18:08,17
30/Jun/23 20:19:08,14
30/Jun/23 20:20:08,22
30/Jun/23 20:21:08,20
30/Jun/23 20:22:08,22
30/Jun/23 20:23:08,15
30/Jun/23 20:24:08,17
30/Jun/23 20:25:08,15
30/Jun/23 20:26:08,17
30/Jun/23 20:27:08,15
30/Jun/23 20:28:08,13
30/Jun/23 20:29:08,13
30/Jun/23 20:30:08,16
30/Jun/23 20:31:08,18
30/Jun/23 20:32:08,15
30/Jun/23 20:33:08,19
30/Jun/23 20:34:08,17
30/Jun/23 20:35:08,24
30/Jun/23 20:36:08,14
30/Jun/23 20:37:08,17
30/Jun/23 20:38:08,15
30/Jun/23 20:39:08,17
30/Jun/23 20:40:08,15
30/Jun/23 20:41:08,15
30/Jun/23 20:42:08,18
30/Jun/23 20:43:08,18
30/Jun/23 20:44:08,22
30/Jun/23 20:45:08,21
30/Jun/23 20:46:08,23
30/Jun/23 20:47:08,18
30/Jun/23 20:48:08,24
30/Jun/23 20:49:08,27
30/Jun/23 20:50:08,22
30/Jun/23 20:51:08,16
30/Jun/23 20:52:08,11
30/Jun/23 20:53:08,26
30/Jun/23 20:54:08,17
30/Jun/23 20:55:08,21
30/Jun/23 20:56:08,15
30/Jun/23 20:57:08,14
30/Jun/23 20:58:08,17
30/Jun/23 20:59:08,23
30/Jun/23 21:00:08,20
30/Jun/23 21:01:08,21
30/Jun/23 21:02:08,11
30/Jun/23 21:03:08,16
30/Jun/23 21:04:08,23
30/Jun/23 21:05:08,27
30/Jun/23 21:06:08,22
30/Jun/23 21:07:08,16
30/Jun/23 21:08:08,25
30/Jun/23 21:09:08,21
30/Jun/23 21:10:08,15
30/Jun/23 21:11:08,16
30/Jun/23 21:12:14,17
30/Jun/23 21:13:14,16
30/Jun/23 21:14:14,24
30/Jun/23 21:15:14,15
30/Jun/23 21:16:14,20
30/Jun/23 21:17:14,20
30/Jun/23 21:18:14,15
30/Jun/23 21:19:14,19
30/Jun/23 21:20:14,24
30/Jun/23 21:21:14,20
30/Jun/23 21:22:14,19
30/Jun/23 21:23:14,24
30/Jun/23 21:24:14,31
30/Jun/23 21:25:14,21
30/Jun/23 21:26:14,12
30/Jun/23 21:27:14,11
30/Jun/23 21:28:14,17
30/Jun/23 21:29:14,20
30/Jun/23 21:30:14,17
30/Jun/23 21:31:14,21
30/Jun/23 21:32:14,31
30/Jun/23 21:33:14,27
30/Jun/23 21:34:14,25
30/Jun/23 21:35:14,23
30/Jun/23 21:36:14,16
30/Jun/23 21:37:14,15
30/Jun/23 21:38:14,14
30/Jun/23 21:39:14,19
30/Jun/23 21:40:14,29
30/Jun/23 21:41:14,26
30/Jun/23 21:42:14,15
30/Jun/23 21:43:14,28
30/Jun/23 21:44:14,20
30/Jun/23 21:45:14,30
30/Jun/23 21:46:14,18
30/Jun/23 21:47:14,26
30/Jun/23 21:48:14,16
30/Jun/23 21:49:14,20
30/Jun/23 21:50:14,12
30/Jun/23 21:51:14,19
30/Jun/23 21:52:14,23
30/Jun/23 21:53:14,15
30/Jun/23 21:54:14,16
30/Jun/23 21:55:14,23
30/Jun/23 21:56:14,18
30/Jun/23 21:57:14,20
30/Jun/23 21:58:14,14
30/Jun/23 21:59:14,17
30/Jun/23 22:00:14,14
30/Jun/23 22:01:14,24
30/Jun/23 22:02:14,28
30/Jun/23 22:03:14,20
30/Jun/23 22:04:14,24
30/Jun/23 22:05:14,17
30/Jun/23 22:06:14,23
30/Jun/23 22:07:14,20
30/Jun/23 22:08:14,14
30/Jun/23 22:09:14,19
30/Jun/23 22:10:14,14
30/Jun/23 22:11:14,22
30/Jun/23 22:12:20,23
30/Jun/23 22:13:20,17
30/Jun/23 22:14:20,19
30/Jun/23 22:15:20,19
30/Jun/23 22:16:20,25
30/Jun/23 22:17:20,16
30/Jun/23 22:18:20,16
30/Jun/23 22:19:20,23
30/Jun/23 22:20:20,25
30/Jun/23 22:21:20,12
30/Jun/23 22:22:20,20
30/Jun/23 22:23:20,14
30/Jun/23 22:24:20,25
30/Jun/23 22:25:20,15
30/Jun/23 22:26:20,21
30/Jun/23 22:27:20,28
30/Jun/23 22:28:20,13
30/Jun/23 22:29:20,22
30/Jun/23 22:30:20,15
30/Jun/23 22:31:20,23
30/Jun/23 22:32:20,22
30/Jun/23 22:33:20,20
30/Jun/23 22:34:20,26
30/Jun/23 22:35:20,20
30/Jun/23 22:36:20,21
30/Jun/23 22:37:20,20
30/Jun/23 22:38:20,13
30/Jun/23 22:39:20,23
30/Jun/23 22:40:20,18
30/Jun/23 22:41:20,23
30/Jun/23 22:42:20,11
30/Jun/23 22:43:20,16
30/Jun/23 22:44:20,20
30/Jun/23 22:45:20,17
30/Jun/23 22:46:20,25
30/Jun/23 22:47:20,22
30/Jun/23 22:48:20,16
30/Jun/23 22:49:20,23
30/Jun/23 22:50:20,17
30/Jun/23 22:51:20,25
30/Jun/23 22:52:20,13
30/Jun/23 22:53:20,17
30/Jun/23 22:54:20,17
